#{"t_start": 1676473699.732982, "env_id": "NetworkManagement-v1"}
r,l,t
-1377921.185,100,0.633171
-1934038.05,100,1.826283
-2059907.0,100,2.946026
-1375588.305,100,4.011505
-1441115.235,100,5.084481
-727676.22,100,6.170326
-717115.559,100,7.252389
-1241851.05,100,8.337364
-729778.47,100,9.423545
-714421.17,100,10.505773
-714672.63,100,11.578084
-702467.68,100,12.655913
-717543.724,100,13.785184
-708279.672,100,14.95043
-726170.74,100,16.040869
-719808.716,100,17.181646
-750712.164,100,18.341571
-743130.23,100,19.467955
-742996.15,100,20.542471
-701730.9,100,21.625033
-726281.962,100,22.703988
-720889.95,100,23.789755
-725829.218,100,24.886388
-742437.604,100,25.991567
-725501.008,100,27.071159
-702567.822,100,28.154213
-770727.05,100,29.236804
-712719.02,100,30.320798
-15526.881,100,31.398527
-14066.01,100,32.466525
-14032.906,100,33.543647
-14004.43,100,34.626629
-13981.374,100,35.708737
-13958.039,100,36.783039
-25900.39,100,37.856873
-32172.87,100,38.934288
-140154.3,100,40.015034
-54210.17,100,41.114459
-146244.98,100,42.21551
-85719.48,100,43.302767
-116856.71,100,44.379047
-110319.964,100,45.454151
-697969.93,100,46.536423
-32179.38,100,47.623978
-37666.31,100,48.707325
-82439.93,100,49.78636
-142063.87,100,50.858811
-658061.37,100,51.939657
-657950.05,100,53.021844
-657919.56,100,54.105555
-657953.1,100,54.6753
-658018.19,100,55.245337
-658058.52,100,55.81787
-658158.82,100,56.384455
-658098.74,100,56.973423
-657664.04,100,58.150315
-657860.63,100,59.251808
-657949.5,100,60.33959
-658036.83,100,61.427185
-658134.72,100,62.509746
-658069.68,100,63.582292
-658012.69,100,64.651508
-657928.75,100,65.738678
-658174.38,100,66.860823
-657916.29,100,67.94493
-658375.9,100,69.02169
-657793.95,100,70.213932
-658096.46,100,71.32366
-657748.84,100,72.409509
-657888.93,100,73.50498
-657885.55,100,74.636115
-657865.48,100,75.783913
-657874.74,100,76.906428
-658254.6,100,78.015552
-658234.04,100,79.193059
-658011.18,100,80.351549
-658023.23,100,81.500415
-658010.83,100,82.684706
-657931.85,100,83.786427
-657842.05,100,84.883657
-657856.08,100,85.960442
-658063.42,100,87.041491
-657919.82,100,88.123455
-658047.01,100,89.212417
-658111.87,100,90.288933
-658114.7,100,91.377723
-658018.44,100,92.459707
-657851.53,100,93.544684
-657949.46,100,94.621803
-657779.17,100,95.703416
-657883.64,100,96.779484
-657792.93,100,97.88053
-658059.73,100,98.981319
-658129.84,100,100.067331
-658185.43,100,101.14369
-658033.58,100,102.215259
-657731.04,100,103.307351
-657882.88,100,104.388779
-658048.31,100,105.463711
-658005.17,100,106.539317
-657826.01,100,107.601626
-658107.31,100,108.680084
-658054.41,100,109.758133
-658131.51,100,110.845957
-657901.91,100,111.928221
-657811.28,100,112.493954
-658012.45,100,113.061907
-658022.53,100,113.628764
-658167.62,100,114.19873
-658089.98,100,114.766357
-658187.87,100,115.867181
-657986.26,100,116.953965
-657933.35,100,118.027029
-657835.56,100,119.108026
-657969.56,100,120.196105
-657979.58,100,121.316928
-657773.33,100,122.434552
-658028.88,100,123.522104
-657732.09,100,124.603222
-657910.2,100,125.691103
-657999.47,100,126.770915
-657947.04,100,127.878813
-658135.76,100,128.979982
-657860.21,100,130.066133
-657789.47,100,131.144797
-658125.82,100,132.249049
-657862.95,100,133.332169
-658127.75,100,134.426101
-657897.25,100,135.510884
-658157.26,100,136.592012
-657965.09,100,137.656216
-658101.47,100,138.733254
-657928.8,100,139.815115
-657924.09,100,140.895889
-658176.51,100,141.971928
-658045.6,100,143.066726
-658233.41,100,144.149535
-657899.31,100,145.222919
-658228.58,100,146.316347
-658131.8,100,147.391941
-657668.96,100,148.469717
-657963.11,100,149.565206
-657960.01,100,150.649754
-658197.69,100,151.726343
-658272.21,100,152.805035
-657869.83,100,153.891168
-658151.68,100,154.978938
-658106.69,100,156.051841
-658000.4,100,157.143142
-657858.13,100,158.227327
-657954.76,100,159.302524
-658117.92,100,160.385208
-658151.82,100,161.486177
-657803.09,100,162.559784
-658033.42,100,163.648187
-658170.14,100,164.738939
-657866.89,100,165.836903
-658038.0,100,166.910097
-657976.06,100,167.983352
-657930.79,100,169.05635
-658076.03,100,169.630856
-658023.5,100,170.210043
-657808.62,100,170.778024
-658000.08,100,171.34503
-658000.05,100,171.922037
-657943.51,100,173.026721
-658106.19,100,174.105462
-657762.03,100,175.181652
-658057.26,100,176.253976
-658141.33,100,177.328825
-657949.17,100,178.404441
-657936.48,100,179.497715
-657994.84,100,180.585834
-657838.67,100,181.671599
-658299.1,100,182.727115
-658077.12,100,183.817339
-658209.69,100,184.896629
-658082.09,100,185.977287
-657978.33,100,187.064837
-657955.07,100,188.143931
-658248.34,100,189.244235
-657780.32,100,190.322942
-658153.13,100,191.399568
-658066.05,100,192.486072
-658218.06,100,193.569034
-658312.06,100,194.656309
-658049.09,100,195.737935
-658049.99,100,196.828226
-658263.51,100,197.909402
-657734.97,100,198.98829
-658251.17,100,200.079225
-658053.79,100,201.17616
-657795.42,100,202.238536
-657982.87,100,203.314532
-657678.27,100,204.390874
-658009.78,100,205.472564
-657864.56,100,206.579518
-657920.69,100,207.682122
-658059.66,100,208.782452
-657956.28,100,209.868927
-657809.94,100,210.945225
-657851.81,100,212.014097
-657931.0,100,213.09839
-658259.41,100,214.191526
-657992.23,100,215.282261
-657974.57,100,216.358508
-658061.64,100,217.423363
-658198.59,100,218.51084
-657915.68,100,219.603433
-657807.38,100,220.713256
-658062.42,100,221.803353
-658123.19,100,222.887326
-657954.63,100,223.964875
-657732.75,100,225.041639
-657938.34,100,226.125958
-658115.06,100,226.69956
-658099.66,100,227.317378
-657920.77,100,227.945607
-657836.21,100,228.543126
-658251.71,100,229.13767
-658083.49,100,230.274718
-657966.76,100,231.417618
-658360.1,100,232.512878
-658091.88,100,233.586812
-657774.12,100,234.664296
-658141.1,100,235.792768
-658135.11,100,236.880572
-657995.26,100,237.993668
-658102.3,100,239.094355
-657944.56,100,240.203943
-657774.55,100,241.302618
-658189.08,100,242.383812
-658004.29,100,243.49942
-657694.05,100,244.588615
-658161.86,100,245.669824
-657880.87,100,246.747985
-657937.77,100,247.836087
-658153.22,100,248.911482
-657946.87,100,249.990895
-658035.6,100,251.096145
-658008.31,100,252.240146
-657934.69,100,253.571895
-657955.59,100,254.762426
-657838.47,100,255.889085
-658174.02,100,257.014984
-657963.25,100,258.137647
-657975.0,100,259.274124
-658049.25,100,260.373681
-658008.33,100,261.453722
-658113.61,100,262.517182
-658221.93,100,263.582112
-658035.63,100,264.668486
-658013.96,100,265.783707
-657928.05,100,266.856592
-657944.33,100,267.937684
-657996.73,100,269.02182
-657862.79,100,270.128011
-657860.01,100,271.243244
-657900.42,100,272.367952
-658318.56,100,273.491916
-658175.25,100,274.568388
-658184.98,100,275.687985
-658018.23,100,276.813044
-657947.56,100,277.909804
-657829.91,100,279.017504
-552121.31,100,280.133572
-38214.99,100,281.254559
-38969.08,100,282.352854
-39197.72,100,283.46473
-44306.79,100,284.580865
-49131.87,100,285.156228
-49150.77,100,285.751315
-49555.26,100,286.338487
-49176.82,100,286.967648
-49642.68,100,287.586967
-40766.79,100,288.717689
-43029.24,100,289.82238
-40119.98,100,290.886928
-35796.9,100,291.958837
-36491.62,100,293.038017
-35918.53,100,294.110762
-39878.2,100,295.194954
-34888.33,100,296.261812
-34513.19,100,297.323312
-34828.49,100,298.39792
-35718.66,100,299.488362
-35845.6,100,300.562092
-33226.94,100,301.63163
-34253.83,100,302.702992
-38219.83,100,303.787842
-37838.29,100,304.865878
-24603.453,100,305.936876
-25185.434,100,307.015966
-32390.21,100,308.179303
-32079.65,100,309.266887
-32083.57,100,310.348174
-78808.544,100,311.426032
-92638.83,100,312.518611
-38292.91,100,313.602183
-35859.81,100,314.683573
-33872.614,100,315.757654
-27747.99,100,316.82884
-29301.869,100,317.939555
-176414.42,100,319.086859
-1042620.6,100,320.179463
-1115221.9,100,321.266187
-303101.58,100,322.354323
-184536.06,100,323.444583
-194768.77,100,324.52058
-986338.51,100,325.729207
-1356062.29,100,326.815204
-1366544.768,100,327.927072
-1236870.48,100,329.009778
-1117710.56,100,330.178371
-1117755.79,100,331.26342
-922663.6,100,332.486231
-20702.91,100,333.685824
173.36,100,334.920714
144.55,100,336.050045
171.13,100,337.178573
167.7,100,338.336236
-21283.12,100,339.493069
-21270.63,100,340.696489
-21283.34,100,341.797489
-21344.81,100,342.897746
-10504.53,100,343.466257
-9397.422,100,344.04816
-21287.23,100,344.636197
-10423.238,100,345.199919
-10211.124,100,345.762639
-10492.667,100,346.858258
-11710.96,100,347.987925
182.01,100,349.180029
152.42,100,350.344235
164.39,100,351.569264
174.17,100,352.789638
180.88,100,353.925443
173.4,100,355.027561
177.99,100,356.141544
148.64,100,357.246625
156.23,100,358.395314
159.97,100,359.60688
148.06,100,360.848592
188.73,100,362.050836
165.46,100,363.188233
154.98,100,364.316452
161.89,100,365.440213
174.26,100,366.575656
151.67,100,367.714004
-179423.404,100,368.834087
-1371532.94,100,369.996781
-1371535.28,100,371.117465
-1371529.39,100,372.256872
-1371535.38,100,373.413497
-1371535.55,100,374.540742
-1371539.46,100,375.672541
-1371538.57,100,376.788898
-1371538.21,100,377.901117
-1371534.7,100,379.030363
-1371529.31,100,380.154373
-1371538.33,100,381.388438
-1371538.03,100,382.597419
-1371538.25,100,383.776101
-1371543.19,100,384.960409
-1371538.08,100,386.137334
-1371536.61,100,387.332488
-1371528.37,100,388.541159
-1371539.11,100,389.740889
-1371532.04,100,390.866738
-1371531.8,100,391.990398
-1371529.43,100,393.133009
-1371532.37,100,394.247819
-1371533.44,100,395.368296
-1371525.79,100,396.488348
-1371532.54,100,397.618787
-1371538.1,100,398.77692
-1371536.3,100,399.901586
-1371536.28,100,401.027299
-1371532.82,100,402.151319
-1371532.23,100,403.272181
-1371533.28,100,403.869982
-1371534.25,100,404.481182
-1371537.17,100,405.069599
-1371535.44,100,405.649073
-1371527.21,100,406.224721
-1371536.49,100,407.401299
-1371539.46,100,408.58855
-1371535.03,100,409.748446
-1371538.78,100,410.909564
-1371537.05,100,412.088046
-1371535.85,100,413.20821
-1371546.3,100,414.3314
-1371540.33,100,415.499029
-1371537.8,100,416.687783
-1371537.24,100,417.856035
-1371533.74,100,418.995967
-1371539.01,100,420.175427
-1371533.16,100,421.372525
-1371533.08,100,422.589545
-1371539.03,100,423.788541
-1371529.57,100,424.957683
-1371534.72,100,426.050694
-1371538.77,100,427.143118
-1371539.19,100,428.220823
-1371529.08,100,429.310316
-1371541.6,100,430.389539
-1371540.52,100,431.463836
-1371530.11,100,432.551257
-1371532.65,100,433.687549
-1371537.03,100,434.92759
-1371535.87,100,436.006161
-1371537.44,100,437.104468
-1371534.74,100,438.210996
-1371537.77,100,439.294217
-1371533.28,100,440.387404
-1371525.95,100,441.484451
-1371533.56,100,442.545397
-1371534.39,100,443.617552
-1371536.26,100,444.688881
-1371533.85,100,445.771402
-1371539.03,100,446.845234
-1371538.64,100,447.915999
-1371536.08,100,448.986099
-1371531.77,100,450.085347
-1371537.51,100,451.209229
-1371530.7,100,452.283308
-1371532.92,100,453.367608
-1371541.79,100,454.440014
-1371534.23,100,455.516781
-1371543.96,100,456.608457
-1371536.24,100,457.699854
-1371531.61,100,458.894429
-1371537.94,100,460.160626
-1371532.66,100,461.256188
-1371537.35,100,462.324055
-1371538.54,100,462.895519
-1371540.3,100,463.468149
-1371532.83,100,464.035228
-1371537.51,100,464.607649
-1371540.88,100,465.174442
-1371536.2,100,466.26947
-1371542.25,100,467.348407
-1371538.7,100,468.420139
-1371537.78,100,469.497544
-1371535.95,100,470.57204
-1371536.21,100,471.651663
-1371531.1,100,472.769443
-1371530.7,100,473.87737
-1371528.53,100,474.995336
-1371531.65,100,476.168718
-1371531.51,100,477.348966
-1371526.1,100,478.475495
-1371538.1,100,479.67069
-1371526.88,100,480.759713
-1371542.66,100,481.846649
-1371539.11,100,482.941662
-1371543.31,100,484.074826
-1371540.24,100,485.253107
-1371528.89,100,486.422744
-1371534.93,100,487.552617
-1371535.94,100,488.738362
-1371534.26,100,489.866849
-1371541.13,100,490.960725
-1371534.0,100,492.073884
-1371535.02,100,493.159479
-1371533.5,100,494.230006
-1371533.48,100,495.299283
-1371529.48,100,496.376797
-1371536.46,100,497.452045
-1371534.37,100,498.529931
-1371532.65,100,499.612711
-1371535.56,100,500.687087
-1371540.76,100,501.758255
-1371530.14,100,502.833051
-1371537.45,100,503.905597
-1371531.58,100,504.981177
-1371531.56,100,506.057769
-1371535.97,100,507.133962
-1371524.15,100,508.223263
-1371527.96,100,509.285847
-1371535.47,100,510.360514
-1371529.79,100,511.42984
-1371531.92,100,512.502462
-1371533.5,100,513.575434
-1371548.08,100,514.652306
-1371543.98,100,515.792721
-1371532.66,100,516.880398
-1371530.94,100,517.976205
-1371537.73,100,519.069548
-1371532.05,100,520.156481
-1371538.32,100,520.7316
-1371537.73,100,521.307526
-1371537.22,100,521.874304
-1371532.58,100,522.450749
-1371534.1,100,523.030024
-1371536.16,100,524.134006
-1371539.13,100,525.260547
-1371541.1,100,526.363215
-1371537.65,100,527.437102
-1371535.38,100,528.560008
-1371531.33,100,529.714983
-1371535.01,100,530.858601
-1371532.98,100,531.953178
-1371538.63,100,533.109356
-1371540.59,100,534.245665
-1371533.0,100,535.383602
-1371538.59,100,536.504516
-1371537.9,100,537.625608
-1371537.44,100,538.73818
-1371536.88,100,539.946724
-1371543.61,100,541.131589
-1371534.23,100,542.231217
-1371536.47,100,543.42933
-1371534.02,100,544.551615
-1371542.94,100,545.658594
-1371534.64,100,546.835341
-1371533.76,100,548.049555
-1371538.96,100,549.169348
-1371536.13,100,550.271468
-1371532.52,100,551.363771
-1371532.5,100,552.480677
-1371538.74,100,553.697624
-1371536.86,100,554.969599
-1371532.96,100,556.159011
-1371537.73,100,557.425822
-1371535.29,100,558.600123
-1371531.82,100,559.743934
-1371530.71,100,560.893346
-1371543.03,100,561.987418
-1371535.0,100,563.074898
-1371543.45,100,564.304543
-1371537.12,100,565.45294
-1371539.93,100,566.538334
-1371526.29,100,567.723315
-1371529.52,100,568.821249
-1371533.83,100,569.892509
-1371534.89,100,570.985825
-1371533.7,100,572.082162
-1371534.83,100,573.301188
-1371531.43,100,574.376199
-1371536.17,100,575.451556
-1371536.41,100,576.559227
-1371535.96,100,577.637586
-1371532.32,100,578.739592
-1371537.73,100,579.81626
-1371528.65,100,580.392851
-1371536.65,100,580.972649
-1371539.33,100,581.543695
-1371526.15,100,582.111582
-1371534.08,100,582.681911
-1371537.17,100,583.799167
-1371531.45,100,584.875668
-1371532.44,100,585.946633
-1371534.59,100,587.081156
-1371537.29,100,588.205655
-1371533.2,100,589.291537
-1371531.8,100,590.378597
-1371533.07,100,591.841649
-1371539.34,100,593.004037
-1371532.44,100,594.076214
-1371542.09,100,595.142218
-1371529.58,100,596.224
-1371537.88,100,597.29753
-1371538.87,100,598.45946
-1371540.19,100,599.634733
-1371533.7,100,600.806926
-1371538.0,100,601.950773
-1371537.23,100,603.130494
-1371532.8,100,604.293221
-1371536.72,100,605.39063
-1371537.44,100,606.468788
-1371534.21,100,607.540689
-1371536.33,100,608.622952
-1371539.35,100,609.719982
-1371529.14,100,610.826341
-1371529.59,100,611.941152
-1371536.89,100,613.020231
-1371541.3,100,614.286137
-1371540.95,100,615.459788
-1371542.73,100,616.628097
-1371534.97,100,617.91031
-1371539.22,100,619.023197
-1371533.92,100,620.138565
-1371536.38,100,621.285462
-1371543.06,100,622.413851
-1371536.45,100,623.518674
-1371534.34,100,624.608279
-1371534.34,100,625.738742
-1371532.74,100,626.912118
-1371537.85,100,628.011259
-1371538.8,100,629.162749
-1371538.77,100,630.294564
-1371533.31,100,631.405409
-1371535.87,100,632.495018
-1371533.46,100,633.635466
-1371534.23,100,634.983224
-1371530.98,100,636.062121
-1371536.53,100,637.143357
-1371536.95,100,638.222723
-1371529.74,100,639.323606
-1371533.6,100,639.929802
-1371537.27,100,640.513615
-1371537.34,100,641.094707
-1371537.34,100,641.672085
-1371526.38,100,642.238626
-1371540.96,100,643.400088
-1371539.57,100,644.633163
-1371539.72,100,645.758839
-1371527.39,100,646.863058
-1371533.49,100,647.998324
-1371532.05,100,649.284383
-1371530.8,100,650.488899
-1371538.3,100,651.788332
-1371532.46,100,652.911042
-1371536.35,100,654.066845
-1371534.79,100,655.238108
-1371530.65,100,656.381762
-1371535.82,100,657.510519
-1371537.26,100,658.595865
-1371536.33,100,659.697208
-1371541.84,100,660.824161
-1371530.41,100,661.921549
-1371541.06,100,662.996502
-1371536.69,100,664.117332
-1371534.01,100,665.24805
-1371532.71,100,666.334883
-1371537.97,100,667.459014
-1371531.95,100,668.606034
-1371530.28,100,669.72514
-1371530.05,100,670.815228
-1371526.79,100,672.025149
-1371537.43,100,673.294117
-1371533.55,100,674.530602
-1371541.49,100,675.80573
-1371534.99,100,676.963682
-1371535.94,100,678.060755
-1371537.66,100,679.218018
-1371540.43,100,680.341861
-1371536.6,100,681.447672
-1371539.11,100,682.612124
-1371542.05,100,683.78342
-1371535.45,100,684.904845
-1371535.92,100,686.064721
-1371538.77,100,687.231453
-1371534.45,100,688.367414
-1371533.84,100,689.463268
-1371537.22,100,690.550702
-1371534.87,100,691.638319
-1371533.54,100,692.713531
-1371532.87,100,693.783024
-1371535.57,100,694.856653
-1371536.96,100,695.936738
-1371531.69,100,697.008429
-1371532.87,100,698.080037
-1371526.1,100,699.162704
-1371535.48,100,699.785402
-1371533.34,100,700.409238
-1371534.36,100,701.019894
-1371535.76,100,701.662622
-1371533.09,100,702.279541
-1371539.57,100,703.451686
-1371536.51,100,704.683118
-1371531.23,100,705.780039
-1371537.37,100,706.961804
-1371535.94,100,708.14242
-1371534.55,100,709.221028
-1371546.1,100,710.299146
-1371534.0,100,711.388413
-1371537.4,100,712.48818
-1371538.33,100,713.563176
-1371530.54,100,714.63481
-1371535.66,100,715.703843
-1371529.8,100,716.808763
-1371531.69,100,717.886815
-1371540.04,100,718.982081
-1371533.43,100,720.08552
-1371534.21,100,721.190221
-1371537.88,100,722.2666
-1371542.89,100,723.340335
-1371531.31,100,724.410405
-1371536.91,100,725.488075
-1371530.59,100,726.562576
-1371541.17,100,727.633428
-1371534.66,100,728.708339
-1371528.54,100,729.802996
-1371537.25,100,730.888659
-1371537.66,100,731.99271
-1371534.1,100,733.066527
-1371540.51,100,734.206522
-1371534.4,100,735.30769
-1371541.99,100,736.38703
-1371527.06,100,737.487325
-1371534.65,100,738.562749
-1371535.36,100,739.635392
-1371536.75,100,740.740099
-1371537.33,100,741.870064
-1371525.83,100,742.945949
-1371526.1,100,744.018119
-1371538.4,100,745.083385
-1371537.25,100,746.183136
-1371527.92,100,747.335257
-1371538.15,100,748.463561
-1371531.82,100,749.718783
-1371530.33,100,750.934558
-1371527.82,100,752.124752
-1371535.62,100,753.255358
-1371531.33,100,754.350712
-1371536.49,100,755.500773
-1371545.11,100,756.669866
-1371532.66,100,757.885674
-1371534.99,100,758.486877
-1371536.61,100,759.098625
-1371537.05,100,759.67209
-1371547.01,100,760.24431
-1371537.4,100,760.817231
-1371536.8,100,761.948758
-1371537.43,100,763.055322
-1371544.22,100,764.151352
-1371538.0,100,765.226509
-1371526.73,100,766.298228
-1371533.77,100,767.368766
-1371542.56,100,768.445881
-1371536.76,100,769.568714
-1371536.57,100,770.724992
-1371543.26,100,771.906819
-1371531.6,100,773.066499
-1371537.67,100,774.219458
-1371538.1,100,775.404778
-1371541.08,100,776.611149
-1371533.66,100,777.77291
-1371533.45,100,778.961249
-1371538.8,100,780.070347
-1371535.04,100,781.15288
-1371527.2,100,782.233249
-1371529.03,100,783.307552
-1371531.57,100,784.382195
-1371538.53,100,785.457259
-1371537.73,100,786.538331
-1371537.43,100,787.615775
-1371539.79,100,788.697111
-1371539.8,100,789.770563
-1371534.14,100,790.831316
-1371540.8,100,791.908365
-1371537.46,100,792.98746
-1371537.29,100,794.140834
-1371538.49,100,795.298006
-1371534.89,100,796.530798
-1371540.13,100,797.72293
-1371539.55,100,798.820717
-1371533.42,100,799.897574
-1371538.66,100,801.063347
-1371540.81,100,802.222386
-1371532.71,100,803.371451
-1371535.53,100,804.564343
-1371536.06,100,805.672897
-1371541.24,100,806.81471
-1371539.53,100,808.011911
-1371535.95,100,809.163886
-1371539.16,100,810.324747
-1371530.5,100,811.427538
-1371540.75,100,812.571622
-1371530.26,100,813.662253
-1371535.35,100,814.744686
-1371534.15,100,815.824211
-1371537.55,100,816.906514
-1371528.49,100,817.485186
-1371529.62,100,818.105585
-1371542.18,100,818.716868
-1371531.71,100,819.3392
-1371528.97,100,819.913142
-1371528.82,100,821.014032
-1371534.13,100,822.138666
-1371528.59,100,823.289676
-1371540.75,100,824.385108
-1371545.72,100,825.48207
-1371536.41,100,826.562621
-1371534.95,100,827.668999
-1371535.06,100,828.797132
-1371536.18,100,829.894666
-1371540.63,100,830.999699
-1371534.34,100,832.104498
-1371532.94,100,833.205943
-1371539.92,100,834.372354
-1371533.42,100,835.521565
-1371534.05,100,836.69272
-1371537.62,100,837.791556
-1371538.08,100,838.931427
-1371533.27,100,840.031076
-1371533.77,100,841.130855
-1371539.38,100,842.227975
-1371533.06,100,843.321417
-1371537.78,100,844.416701
-1371538.06,100,845.516048
-1371540.69,100,846.619724
-1371535.5,100,847.736985
-1371534.97,100,848.888248
-1371538.31,100,849.979276
-1371536.09,100,851.076009
-1371536.56,100,852.175166
-1371531.73,100,853.273124
-1371532.32,100,854.373662
-1371540.12,100,855.470854
-1371535.35,100,856.580313
-1371536.01,100,857.68275
-1371537.84,100,858.771943
-1371531.33,100,859.889449
-1371537.62,100,861.057347
-1371537.58,100,862.213654
-1371540.68,100,863.38666
-1371537.32,100,864.521476
-1371541.05,100,865.698996
-1371534.79,100,866.844555
-1371531.82,100,868.163974
-1371535.59,100,869.396353
-1371540.03,100,870.666533
-1371532.97,100,871.884124
-1371533.25,100,873.150334
-1371531.21,100,874.382267
-1371533.32,100,875.665253
-1371535.98,100,876.907104
-1371532.32,100,877.524627
-1371527.1,100,878.135147
-1371541.54,100,878.746321
-1371537.93,100,879.366439
-1371541.55,100,879.982375
-1371534.92,100,881.141798
-1371526.92,100,882.273441
-1371529.75,100,883.37794
-1371537.17,100,884.477033
-1371541.9,100,885.602992
-1371532.3,100,886.797465
-1371525.69,100,887.912477
-1371533.81,100,889.033568
-1371529.56,100,890.169706
-1371532.79,100,891.283653
-1371529.63,100,892.384587
-1371530.47,100,893.571871
-1371528.7,100,894.741211
-1371530.56,100,895.93579
-1371539.47,100,897.076567
-1371539.23,100,898.305114
-1371538.04,100,899.559554
-1371538.12,100,900.842201
-1371534.06,100,902.078902
-1371539.42,100,903.255124
-1371530.38,100,904.431902
-1371541.92,100,905.594364
-1371537.19,100,906.801302
-1371531.28,100,907.934868
-1371529.43,100,909.090693
-1371540.21,100,910.364213
-1371537.83,100,911.631666
-1371531.74,100,912.922632
-1371536.63,100,914.143264
-1371538.35,100,915.362438
-1371536.2,100,916.588941
-1371541.84,100,917.800092
-1371540.43,100,918.983859
-1371531.53,100,920.129169
-1371531.38,100,921.35645
-1371532.41,100,922.56828
-1371540.29,100,923.700274
-1371535.78,100,924.83711
-1371538.12,100,925.960114
-1371541.92,100,927.089756
-1371537.95,100,928.245709
-1371532.45,100,929.608631
-1371534.89,100,930.861562
-1371549.15,100,932.1931
-1371528.55,100,933.736626
-1371543.64,100,935.098966
-1371541.09,100,936.454622
-1371536.83,100,937.781281
-1371535.08,100,939.062554
-1371539.51,100,940.242909
-1371531.89,100,940.826234
-1371530.11,100,941.425729
-1371530.61,100,942.103692
-1371533.42,100,942.769385
-1371536.56,100,943.419034
-1371536.17,100,944.72945
-1371536.22,100,946.070528
-1371535.46,100,947.345264
-1371528.56,100,948.60825
-1371539.38,100,949.82612
-1371535.28,100,951.04641
-1371537.46,100,952.256408
-1371532.57,100,953.458438
-1371537.53,100,954.64346
-1371541.57,100,955.762811
-1371534.48,100,956.910864
-1371535.01,100,958.108212
-1371537.96,100,959.332556
-1371538.65,100,960.509886
-1371545.03,100,961.722509
-1371537.41,100,962.937124
-1371542.1,100,964.143003
-1371529.33,100,965.369365
-1371536.77,100,966.570927
-1371533.29,100,967.776711
-1371535.91,100,968.976653
-1371537.79,100,970.223132
-1371533.53,100,971.441223
-1371532.25,100,972.623958
-1371539.59,100,973.839531
-1371536.55,100,975.062389
-1371535.88,100,976.330037
-1371533.35,100,977.709833
-1371531.49,100,979.257118
-1371540.88,100,980.577185
-1371527.38,100,981.818163
-1371536.58,100,983.207517
-1371536.7,100,984.534337
-1371537.92,100,986.028808
-1371537.17,100,987.472113
-1371530.02,100,988.78374
-1371538.22,100,990.025533
-1371533.25,100,991.238426
-1371538.86,100,992.464091
-1371536.39,100,993.681213
-1371534.69,100,994.885127
-1371530.11,100,996.092423
-1371536.2,100,997.325341
-1371537.53,100,998.549662
-1371534.69,100,999.690042
-1371540.87,100,1000.841096
-1371538.52,100,1002.043042
-1371528.62,100,1003.247709
-1371538.72,100,1004.44216
-1371536.02,100,1005.634747
-1371527.26,100,1006.210163
-1371529.98,100,1006.787403
-1371535.38,100,1007.362535
-1371535.7,100,1007.936774
-1371538.84,100,1008.537877
-1371537.86,100,1009.662801
-1371532.8,100,1010.781074
-1371527.2,100,1011.893713
-1371531.63,100,1013.003583
-1371535.86,100,1014.12034
-1371533.1,100,1015.217129
-1371528.97,100,1016.326088
-1371540.89,100,1017.596306
-1371539.82,100,1018.740832
-1371538.31,100,1019.85618
-1371537.01,100,1020.993402
-1371537.01,100,1022.100793
-1371535.9,100,1023.209578
-1371542.64,100,1024.318489
-1371540.43,100,1025.433144
-1371529.03,100,1026.561672
-1371542.35,100,1027.671206
-1371537.54,100,1028.77837
-1371539.62,100,1029.885689
-1371542.04,100,1030.992805
-1371535.07,100,1032.101829
-1371541.29,100,1033.21145
-1371531.06,100,1034.308212
-1371533.47,100,1035.401083
-1371542.87,100,1036.508473
-1371531.07,100,1037.611109
-1371535.31,100,1038.732872
-1371542.31,100,1039.836832
-1371529.54,100,1040.940968
-1371532.58,100,1042.043192
-1371533.65,100,1043.146958
-1371527.95,100,1044.25146
-1371527.36,100,1045.366942
-1371526.48,100,1046.471013
-1371543.45,100,1047.569907
-1371533.51,100,1048.670983
-1371543.56,100,1049.763096
-1371533.63,100,1050.855676
-1371539.79,100,1051.960636
-1371533.54,100,1053.062458
-1371539.12,100,1054.170455
-1371545.23,100,1055.272218
-1371537.75,100,1056.379298
-1371540.2,100,1057.487485
-1371527.8,100,1058.64076
-1371534.23,100,1059.739372
-1371540.03,100,1060.848342
-1371535.69,100,1061.954238
-1371546.81,100,1063.065806
-1371535.68,100,1064.161188
-1371532.79,100,1064.73153
-1371530.1,100,1065.300909
-1371536.46,100,1065.872653
-1371533.97,100,1066.443191
-1371538.14,100,1067.013636
-1371536.99,100,1068.120212
-1371533.98,100,1069.224029
-1371531.23,100,1070.323976
-1371534.05,100,1071.418835
-1371534.0,100,1072.522359
-1371533.0,100,1073.639925
-1371541.53,100,1074.831387
-1371540.77,100,1076.044945
-1371537.72,100,1077.207112
-1371530.48,100,1078.370645
-1371537.98,100,1079.58025
-1371533.17,100,1080.705966
-1371539.85,100,1081.877821
-1371541.62,100,1083.045293
-1371536.24,100,1084.253669
-1371542.65,100,1085.385882
-1371540.84,100,1086.508515
-1371539.55,100,1087.621411
-1371546.17,100,1088.720021
-1371532.24,100,1089.827211
-1371535.04,100,1090.934606
-1371530.79,100,1092.042584
-1371533.66,100,1093.142448
-1371530.13,100,1094.240706
-1371535.64,100,1095.338395
-1371528.74,100,1096.440626
-1371537.62,100,1097.551552
-1371537.61,100,1098.654252
-1371530.34,100,1099.762372
-1371538.39,100,1100.861886
-1371534.7,100,1101.991074
-1371539.4,100,1103.226957
-1371535.97,100,1104.392056
-1371533.06,100,1105.595313
-1371541.05,100,1106.795118
-1371539.95,100,1107.999618
-1371530.36,100,1109.216443
-1371532.75,100,1110.368596
-1371537.69,100,1111.576921
-1371533.41,100,1112.768169
-1371535.82,100,1113.974181
-1371529.58,100,1115.098458
-1371535.85,100,1116.221455
-1371533.27,100,1117.380896
-1371529.56,100,1118.579043
-1371530.74,100,1119.693582
-1371537.87,100,1120.803336
-1371537.46,100,1121.906051
-1371535.19,100,1123.012195
-1371544.02,100,1124.118206
-1371538.57,100,1124.711141
-1371536.98,100,1125.294793
-1371542.37,100,1125.868354
-1371541.15,100,1126.443057
-1371537.66,100,1127.028812
-1371531.99,100,1128.153745
-1371530.75,100,1129.255708
-1371538.47,100,1130.362459
-1371530.8,100,1131.461639
-1371533.4,100,1132.573784
-1371539.04,100,1133.675623
-1371535.14,100,1134.774636
-1371531.88,100,1135.876179
-1371541.81,100,1137.017162
-1371528.17,100,1138.123601
-1371526.27,100,1139.231702
-1371530.63,100,1140.351118
-1371537.13,100,1141.471124
-1371535.82,100,1142.580159
-1371531.89,100,1143.68212
-1371534.1,100,1144.807558
-1371537.01,100,1145.918517
-1371532.66,100,1147.046328
-1371534.55,100,1148.192493
-1371531.24,100,1149.297903
-1371533.55,100,1150.410213
-1371530.0,100,1151.509281
-1371532.69,100,1152.63276
-1371535.49,100,1153.829827
-1371528.45,100,1154.967011
-1371528.97,100,1156.114445
-1371538.76,100,1157.230281
-1371540.14,100,1158.33663
-1371532.07,100,1159.49969
-1371540.31,100,1160.705296
-1371532.61,100,1161.868837
-1371527.42,100,1163.059284
-1371532.08,100,1164.263124
-1371536.14,100,1165.461749
-1371530.09,100,1166.664947
-1371531.88,100,1167.814503
-1371541.39,100,1168.960775
-1371531.81,100,1170.120288
-1371543.27,100,1171.238745
-1371538.28,100,1172.377455
-1371529.26,100,1173.481025
-1371536.35,100,1174.585613
-1371538.62,100,1175.70873
-1371536.33,100,1176.831504
-1371534.46,100,1177.987592
-1371528.25,100,1179.189232
-1371538.4,100,1180.365561
-1371523.42,100,1181.588536
-1371536.76,100,1182.815958
-1371534.85,100,1183.953243
-1371537.76,100,1184.537278
-1371536.98,100,1185.113256
-1371539.57,100,1185.713483
-1371539.45,100,1186.288544
-1371537.95,100,1186.861533
-1371526.82,100,1187.978632
-1371535.03,100,1189.121477
-1371539.34,100,1190.296234
-1371531.3,100,1191.405422
-1371534.06,100,1192.618229
-1371536.3,100,1193.824003
-1371527.52,100,1194.940013
-1371530.21,100,1196.043076
-1371537.6,100,1197.21691
-1371538.9,100,1198.442124
-1371534.06,100,1199.647328
-1371530.12,100,1200.822892
-1371537.21,100,1202.037787
-1371534.44,100,1203.272334
-1371539.41,100,1204.496112
-1371532.46,100,1205.714307
-1371540.19,100,1206.939034
-1371538.08,100,1208.166239
-1371541.29,100,1209.404569
-1371531.75,100,1210.652443
-1371537.23,100,1211.889373
-1371536.5,100,1213.129763
-1371533.8,100,1214.380318
-1371532.19,100,1215.612896
-1371533.74,100,1216.856661
-1371535.85,100,1218.082489
-1371534.11,100,1219.310367
-1371538.6,100,1220.517425
-1371535.97,100,1221.758143
-1371532.32,100,1222.973327
-1371538.24,100,1224.198586
-1371532.25,100,1225.434564
-1371531.65,100,1226.565502
-1371533.11,100,1227.693078
-1371534.04,100,1228.860086
-1371539.23,100,1230.071939
-1371529.8,100,1231.268399
-1371536.86,100,1232.407406
-1371546.16,100,1233.614789
-1371532.24,100,1234.783205
-1371537.58,100,1235.898981
-1371535.32,100,1237.029471
-1371528.03,100,1238.265466
-1371532.57,100,1239.480835
-1371532.62,100,1240.709781
-1371533.66,100,1241.928285
-1371538.88,100,1243.153332
-1371542.54,100,1244.360008
-1371540.02,100,1245.564311
-1371540.88,100,1246.781951
-1371533.56,100,1247.398965
-1371528.71,100,1248.012875
-1371532.94,100,1248.596887
-1371538.1,100,1249.182305
-1371530.49,100,1249.796344
-1371529.54,100,1251.013116
-1371528.09,100,1252.147429
-1371536.6,100,1253.260709
-1371532.82,100,1254.510147
-1371533.33,100,1255.637299
-1371538.17,100,1256.779279
-1371530.01,100,1257.985667
-1371538.75,100,1259.206773
-1371532.52,100,1260.426018
-1371535.51,100,1261.644774
-1371535.51,100,1262.915046
-1371535.13,100,1264.114783
-1371532.6,100,1265.313578
-1371538.53,100,1266.479746
-1371535.74,100,1267.590271
-1371532.81,100,1268.699238
-1371535.13,100,1269.80916
-1371535.73,100,1270.937767
-1371528.8,100,1272.046746
-1371533.54,100,1273.159211
-1371532.09,100,1274.269437
-1371543.84,100,1275.370366
-1371541.31,100,1276.475977
-1371527.83,100,1277.576982
-1371539.63,100,1278.690979
-1371537.56,100,1279.79925
-1371543.24,100,1280.921007
-1371532.69,100,1282.03314
-1371533.92,100,1283.142259
-1371537.72,100,1284.248103
-1371540.11,100,1285.356881
-1371538.3,100,1286.459271
-1371541.06,100,1287.564204
-1371537.58,100,1288.663995
-1371535.8,100,1289.770082
-1371526.79,100,1290.879654
-1371537.64,100,1292.004274
-1371538.48,100,1293.121388
-1371533.34,100,1294.233609
-1371535.55,100,1295.332292
-1371528.36,100,1296.440808
-1371533.07,100,1297.553312
-1371530.77,100,1298.65922
-1371537.5,100,1299.764933
-1371541.42,100,1300.867371
-1371534.75,100,1301.971464
-1371532.27,100,1303.0793
-1371530.0,100,1304.186407
-1371535.87,100,1305.319017
-1371538.93,100,1306.437702
-1371543.42,100,1307.011423
-1371544.26,100,1307.583981
-1371542.0,100,1308.154783
-1371535.31,100,1308.726595
-1371530.58,100,1309.299031
-1371540.25,100,1310.410381
-1371535.85,100,1311.512308
-1371529.37,100,1312.608256
-1371533.56,100,1313.711094
-1371530.25,100,1314.811927
-1371544.44,100,1315.919511
-1371531.4,100,1317.024587
-1371537.41,100,1318.124015
-1371537.27,100,1319.224546
-1371533.61,100,1320.327882
-1371541.39,100,1321.430406
-1371542.36,100,1322.528763
-1371528.74,100,1323.629017
-1371538.61,100,1324.726527
-1371535.39,100,1325.843867
-1371532.39,100,1326.961173
-1371536.98,100,1328.06345
-1371540.05,100,1329.16356
-1371534.49,100,1330.275068
-1371535.75,100,1331.37506
-1371544.74,100,1332.472581
-1371536.82,100,1333.569989
-1371534.51,100,1334.670635
-1371538.15,100,1335.770819
-1371540.35,100,1336.881305
-1371527.48,100,1337.994165
-1371535.26,100,1339.09694
-1371538.54,100,1340.223159
-1371539.32,100,1341.324746
-1371537.96,100,1342.423336
-1371539.72,100,1343.519046
-1371547.99,100,1344.618203
-1371537.25,100,1345.719844
-1371530.87,100,1346.817914
-1371532.72,100,1347.914545
-1371527.02,100,1349.016059
-1371535.1,100,1350.120295
-1371545.25,100,1351.231427
-1371533.05,100,1352.337318
-1371533.97,100,1353.447894
-1371541.7,100,1354.578632
-1371534.6,100,1355.676221
-1371531.16,100,1356.772661
-1371540.31,100,1357.868451
-1371539.05,100,1358.972565
-1371536.72,100,1360.066692
-1371536.52,100,1361.172746
-1371533.33,100,1362.274625
-1371534.74,100,1363.374584
-1371538.77,100,1364.480504
-1371530.89,100,1365.053991
-1371526.35,100,1365.621228
-1371528.77,100,1366.186283
-1371530.26,100,1366.754913
-1371535.95,100,1367.322022
-1371536.39,100,1368.44342
-1371539.86,100,1369.54534
-1371537.99,100,1370.643421
-1371542.14,100,1371.74248
-1371542.37,100,1372.841442
-1371539.17,100,1373.939057
-1371530.65,100,1375.046906
-1371533.15,100,1376.154718
-1371538.03,100,1377.344264
-1371531.6,100,1378.568428
-1371537.37,100,1379.791019
-1371538.14,100,1381.003217
-1371535.09,100,1382.217484
-1371537.13,100,1383.445335
-1371534.19,100,1384.668826
-1371525.02,100,1385.866929
-1371533.23,100,1386.9676
-1371531.11,100,1388.074068
-1371536.57,100,1389.200535
-1371535.36,100,1390.462112
-1371531.68,100,1391.704471
-1371537.79,100,1392.930664
-1371534.47,100,1394.149428
-1371531.89,100,1395.35377
-1371540.95,100,1396.511248
-1371530.14,100,1397.608498
-1371532.18,100,1398.71554
-1371536.84,100,1399.816871
-1371541.07,100,1400.919073
-1371534.41,100,1402.019316
-1371532.85,100,1403.122706
-1371532.47,100,1404.231434
-1371531.33,100,1405.392335
-1371538.9,100,1406.624864
-1371541.92,100,1407.82692
-1371528.79,100,1409.008999
-1371536.05,100,1410.135683
-1371534.9,100,1411.237649
-1371534.24,100,1412.337601
-1371536.91,100,1413.442382
-1371543.07,100,1414.546353
-1371538.02,100,1415.645708
-1371537.72,100,1416.745956
-1371539.28,100,1417.935055
-1371528.63,100,1419.172524
-1371532.13,100,1420.387918
-1371535.16,100,1421.594552
-1371529.5,100,1422.815961
-1371530.31,100,1424.044931
-1371535.62,100,1425.203764
-1371539.13,100,1425.777968
-1371534.47,100,1426.353047
-1371533.14,100,1426.926253
-1371529.65,100,1427.499
-1371539.26,100,1428.070607
-1371537.13,100,1429.268386
-1371530.85,100,1430.48781
-1371530.52,100,1431.683795
-1371534.39,100,1432.881174
-1371532.9,100,1434.016309
-1371536.0,100,1435.127369
-1371534.61,100,1436.236844
-1371530.51,100,1437.45217
-1371533.46,100,1438.66469
-1371542.14,100,1439.873437
-1371532.05,100,1441.092446
-1371535.97,100,1442.319586
-1371532.04,100,1443.516118
-1371534.96,100,1444.740048
-1371534.21,100,1445.959936
-1371531.45,100,1447.158956
-1371539.59,100,1448.377347
-1371533.35,100,1449.612532
-1371531.01,100,1450.84663
-1371541.52,100,1452.075939
-1371546.46,100,1453.277684
-1371532.38,100,1454.517451
-1371533.12,100,1455.74582
-1371534.68,100,1456.992196
-1371534.15,100,1458.252297
-1371543.14,100,1459.475491
-1371529.63,100,1460.689588
-1371542.74,100,1461.897191
-1371532.37,100,1463.140866
-1371535.68,100,1464.392875
-1371544.08,100,1465.627062
-1371533.23,100,1466.850017
-1371532.13,100,1468.082403
-1371541.0,100,1469.31758
-1371537.52,100,1470.560843
-1371545.82,100,1471.790307
-1371528.78,100,1473.026224
-1371532.14,100,1474.259213
-1371537.0,100,1475.480819
-1371541.49,100,1476.706593
-1371533.91,100,1477.94451
-1371534.47,100,1479.17952
-1371531.22,100,1480.40163
-1371526.27,100,1481.633486
-1371539.33,100,1482.913453
-1371536.97,100,1484.168238
-1371541.66,100,1485.439036
-1371538.51,100,1486.699463
-1371538.39,100,1487.937406
-1371538.53,100,1489.164992
-1371526.12,100,1489.755418
-1371533.36,100,1490.341145
-1371538.34,100,1490.957507
-1371532.6,100,1491.560737
-1371530.11,100,1492.174131
-1371535.58,100,1493.329551
-1371536.86,100,1494.54663
-1371534.43,100,1495.779289
-1371535.05,100,1496.997559
-1371538.77,100,1498.236708
-1371538.02,100,1499.445876
-1371536.59,100,1500.696222
-1371545.74,100,1501.953886
-1371536.27,100,1503.21595
-1371535.67,100,1504.470874
-1371532.53,100,1505.730714
-1371537.8,100,1506.979269
-1371535.21,100,1508.228195
-1371537.89,100,1509.491588
-1371539.72,100,1510.72501
-1371537.36,100,1511.947316
-1371531.35,100,1513.152323
-1371532.24,100,1514.357336
-1371537.36,100,1515.485259
-1371538.05,100,1516.59902
-1371543.2,100,1517.7164
-1371543.41,100,1518.828677
-1371535.48,100,1519.94905
-1371532.53,100,1521.062887
-1371535.07,100,1522.179812
-1371537.45,100,1523.292172
-1371543.78,100,1524.412622
-1371540.38,100,1525.524641
-1371538.02,100,1526.653901
-1371532.13,100,1527.909921
-1371535.97,100,1529.133807
-1371539.26,100,1530.369592
-1371536.26,100,1531.621508
-1371544.2,100,1532.895217
-1371542.33,100,1534.11407
-1371538.41,100,1535.377819
-1371539.2,100,1536.620384
-1371539.53,100,1537.83293
-1371529.43,100,1539.041299
-1371536.03,100,1540.260816
-1371535.38,100,1541.475497
-1371533.09,100,1542.693517
-1371539.13,100,1543.901799
-1371533.12,100,1545.110881
-1371528.14,100,1546.314563
-1371529.16,100,1547.490395
-1371537.08,100,1548.607993
-1371541.8,100,1549.721146
-1371536.27,100,1550.836253
-1371537.49,100,1551.950875
-1371530.83,100,1552.532034
-1371540.65,100,1553.116787
-1371530.62,100,1553.697136
-1371539.75,100,1554.2771
-1371535.92,100,1554.854456
-1371531.44,100,1555.978664
-1371531.33,100,1557.095834
-1371535.42,100,1558.209011
-1371537.37,100,1559.324537
-1371528.53,100,1560.450917
-1371538.12,100,1561.57352
-1371536.98,100,1562.685806
-1371539.38,100,1563.796843
-1371534.92,100,1564.912335
-1371539.46,100,1566.027179
-1371536.02,100,1567.137072
-1371534.13,100,1568.259158
-1371534.8,100,1569.376277
-1371534.67,100,1570.484409
-1371541.35,100,1571.600547
-1371528.18,100,1572.713872
-1371537.25,100,1573.828567
-1371535.09,100,1574.949251
-1371536.39,100,1576.059968
-1371533.48,100,1577.167707
-1371534.81,100,1578.28853
-1371543.31,100,1579.420105
-1371532.25,100,1580.540099
-1371530.97,100,1581.663348
-1371538.06,100,1582.78808
-1371540.89,100,1583.892255
-1371533.43,100,1585.004004
-1371530.66,100,1586.114129
-1371540.8,100,1587.224255
-1371531.29,100,1588.329706
-1371540.53,100,1589.436227
-1371536.4,100,1590.548706
-1371535.07,100,1591.655969
-1371528.29,100,1592.773906
-1371539.35,100,1593.893668
-1371532.23,100,1594.999799
-1371532.17,100,1596.108737
-1371537.45,100,1597.217039
-1371531.18,100,1598.331683
-1371533.87,100,1599.433944
-1371533.06,100,1600.540756
-1371537.34,100,1601.643032
-1371540.8,100,1602.765396
-1371537.19,100,1603.877122
-1371531.73,100,1604.985956
-1371534.03,100,1606.094678
-1371538.16,100,1607.222665
-1371541.44,100,1608.341978
-1371542.7,100,1609.4493
-1371533.21,100,1610.563579
-1371537.18,100,1611.13944
-1371538.63,100,1611.714241
-1371540.95,100,1612.287981
-1371532.15,100,1612.86237
-1371535.87,100,1613.438443
-1371544.03,100,1614.552845
-1371533.11,100,1615.662598
-1371539.69,100,1616.768914
-1371533.41,100,1617.878869
-1371537.86,100,1619.000481
-1371534.78,100,1620.106027
-1371542.05,100,1621.233554
-1371532.2,100,1622.334492
-1371538.09,100,1623.436415
-1371536.99,100,1624.540671
-1371542.67,100,1625.647982
-1371538.75,100,1626.752499
-1371532.6,100,1627.875102
-1371533.67,100,1628.980045
-1371535.98,100,1630.089225
-1371537.8,100,1631.194244
-1371535.12,100,1632.305357
-1371539.84,100,1633.414176
-1371538.5,100,1634.520144
-1371531.32,100,1635.620297
-1371538.95,100,1636.720381
-1371534.97,100,1637.821077
-1371530.95,100,1638.920108
-1371528.1,100,1640.039598
-1371547.06,100,1641.142922
-1371540.99,100,1642.244267
-1371536.5,100,1643.347004
-1371536.5,100,1644.457338
-1371529.03,100,1645.561483
-1371542.03,100,1646.662564
-1371533.49,100,1647.774159
-1371534.19,100,1648.881088
-1371532.71,100,1649.991056
-1371525.95,100,1651.102191
-1371535.6,100,1652.219772
-1371541.5,100,1653.32654
-1371535.59,100,1654.453401
-1371533.89,100,1655.558451
-1371533.79,100,1656.659098
-1371534.43,100,1657.772764
-1371530.99,100,1658.886265
-1371541.65,100,1659.985784
-1371540.6,100,1661.092604
-1371532.62,100,1662.197979
-1371533.66,100,1663.301715
-1371532.97,100,1664.409618
-1371537.72,100,1665.514236
-1371541.94,100,1666.617523
-1371529.24,100,1667.724497
-1371533.23,100,1668.838305
-1371536.25,100,1669.408479
-1371532.3,100,1669.977362
-1371537.2,100,1670.548092
-1371533.0,100,1671.115695
-1371540.05,100,1671.684779
-1371531.4,100,1672.797812
-1371535.65,100,1673.902014
-1371530.02,100,1675.003613
-1371532.46,100,1676.103676
-1371543.79,100,1677.212306
-1371533.0,100,1678.325898
-1371533.77,100,1679.433733
-1371544.38,100,1680.543517
-1371536.53,100,1681.660186
-1371533.48,100,1682.790198
-1371531.81,100,1683.892479
-1371538.86,100,1684.995137
-1371534.69,100,1686.093433
-1371539.46,100,1687.190812
-1371531.0,100,1688.295136
-1371527.14,100,1689.399603
-1371533.82,100,1690.502989
-1371543.26,100,1691.615485
-1371540.69,100,1692.726159
-1371528.36,100,1693.834913
-1371539.24,100,1694.940318
-1371526.29,100,1696.063852
-1371532.54,100,1697.181187
-1371537.38,100,1698.284389
-1371534.45,100,1699.397548
-1371536.44,100,1700.503925
-1371538.24,100,1701.62571
-1371535.58,100,1702.731107
-1371531.41,100,1703.830436
-1371546.71,100,1704.938148
-1371531.18,100,1706.045498
-1371531.29,100,1707.153446
-1371531.74,100,1708.259398
-1371533.29,100,1709.36709
-1371539.08,100,1710.488626
-1371534.13,100,1711.587241
-1371536.07,100,1712.688433
-1371531.55,100,1713.793331
-1371533.23,100,1714.906961
-1371541.3,100,1716.012925
-1371537.36,100,1717.111622
-1371531.75,100,1718.214436
-1371539.61,100,1719.316163
-1371538.71,100,1720.425982
-1371534.14,100,1721.535943
-1371532.52,100,1722.647265
-1371535.72,100,1723.761742
-1371544.02,100,1724.872901
-1371545.68,100,1725.985818
-1371542.48,100,1727.087268
-1371538.23,100,1727.656267
-1371532.94,100,1728.224691
-1371534.81,100,1728.789092
-1371536.38,100,1729.35338
-1371540.77,100,1729.92161
-1371534.29,100,1731.036085
-1371534.83,100,1732.146686
-1371543.32,100,1733.252268
-1371544.72,100,1734.357981
-1371536.5,100,1735.470916
-1371541.56,100,1736.571493
-1371535.41,100,1737.67858
-1371540.36,100,1738.801829
-1371534.27,100,1739.917761
-1371527.55,100,1741.023759
-1371531.59,100,1742.130213
-1371543.5,100,1743.229992
-1371540.58,100,1744.338801
-1371535.92,100,1745.440845
-1371536.3,100,1746.542334
-1371534.2,100,1747.640181
-1371534.77,100,1748.750788
-1371534.87,100,1749.860409
-1371538.14,100,1750.975023
-1371535.42,100,1752.109388
-1371536.97,100,1753.216529
-1371535.85,100,1754.314135
-1371537.16,100,1755.417076
-1371535.51,100,1756.514088
-1371535.74,100,1757.619236
-1371540.54,100,1758.715818
-1371535.83,100,1759.82535
-1371530.95,100,1760.928443
-1371535.09,100,1762.039529
-1371530.49,100,1763.148068
-1371532.12,100,1764.255545
-1371538.88,100,1765.362164
-1371538.85,100,1766.468366
-1371527.43,100,1767.573606
-1371539.6,100,1768.676052
-1371538.22,100,1769.778425
-1371531.67,100,1770.921295
-1371527.57,100,1772.021589
-1371531.94,100,1773.131576
-1371535.97,100,1774.265636
-1371532.56,100,1775.39995
-1371535.66,100,1776.497432
-1371533.69,100,1777.598756
-1371534.69,100,1778.698739
-1371532.29,100,1779.801417
-1371534.72,100,1780.916188
-1371545.02,100,1782.033855
-1371535.0,100,1783.138342
-1371536.15,100,1784.24222
-1371529.59,100,1785.363726
-1371532.59,100,1785.933099
-1371531.12,100,1786.499834
-1371536.18,100,1787.065071
-1371540.25,100,1787.632025
-1371534.89,100,1788.198811
-1371529.9,100,1789.304502
-1371537.13,100,1790.412838
-1371534.97,100,1791.515518
-1371540.99,100,1792.624855
-1371531.09,100,1793.724401
-1371527.85,100,1794.822956
-1371537.7,100,1795.934938
-1371535.83,100,1797.040836
-1371539.46,100,1798.146114
-1371538.33,100,1799.288596
-1371538.72,100,1800.40684
-1371535.97,100,1801.515203
-1371529.14,100,1802.773327
-1371549.06,100,1803.872457
-1371530.74,100,1804.972246
-1371533.91,100,1806.071594
-1371534.54,100,1807.173211
-1371538.39,100,1808.27208
-1371536.35,100,1809.380376
-1371535.27,100,1810.497222
-1371534.23,100,1811.604363
-1371532.28,100,1812.72073
-1371540.9,100,1813.827737
-1371538.28,100,1814.929547
-1371535.43,100,1816.031114
-1371537.4,100,1817.135633
-1371536.6,100,1818.250053
-1371533.97,100,1819.354733
-1371532.86,100,1820.465364
-1371532.24,100,1821.57553
-1371537.78,100,1822.681672
-1371536.98,100,1823.800634
-1371535.54,100,1824.917645
-1371531.58,100,1826.037906
-1371546.25,100,1827.162763
-1371534.68,100,1828.268448
-1371538.97,100,1829.376635
-1371532.54,100,1830.477728
-1371538.05,100,1831.581951
-1371533.1,100,1832.684132
-1371527.36,100,1833.789534
-1371534.32,100,1834.892958
-1371538.72,100,1835.997221
-1371543.98,100,1837.102821
-1371536.45,100,1838.219047
-1371535.86,100,1839.344768
-1371540.45,100,1840.458271
-1371525.09,100,1841.582398
-1371531.54,100,1842.680297
-1371533.16,100,1843.780932
-1371533.13,100,1844.347965
-1371534.96,100,1844.929727
-1371528.19,100,1845.496027
-1371541.31,100,1846.061976
-1371543.38,100,1846.627798
-1371532.66,100,1847.736229
-1371540.89,100,1848.852418
-1371541.58,100,1849.971451
-1371531.85,100,1851.074867
-1371538.95,100,1852.1878
-1371541.11,100,1853.29052
-1371537.27,100,1854.394738
-1371544.22,100,1855.492556
-1371538.54,100,1856.593187
-1371526.92,100,1857.693104
-1371538.4,100,1858.806625
-1371531.83,100,1859.910968
-1371539.51,100,1861.014933
-1371532.46,100,1862.115939
-1371528.15,100,1863.222931
-1371539.54,100,1864.327763
-1371540.17,100,1865.430546
-1371536.62,100,1866.534427
-1371532.75,100,1867.64508
-1371529.18,100,1868.743856
-1371535.5,100,1869.855434
-1371532.09,100,1870.955791
-1371538.31,100,1872.057957
-1371530.26,100,1873.172119
-1371533.52,100,1874.277763
-1371531.72,100,1875.38985
-1371544.9,100,1876.491199
-1371534.04,100,1877.590041
-1371535.75,100,1878.688458
-1371535.23,100,1879.7859
-1371530.02,100,1880.886488
-1371535.77,100,1881.987244
-1371534.52,100,1883.092274
-1371539.25,100,1884.202989
-1371540.83,100,1885.319553
-1371536.62,100,1886.423578
-1371537.53,100,1887.551668
-1371540.82,100,1888.649877
-1371533.87,100,1889.755403
-1371537.13,100,1890.859959
-1371539.97,100,1891.963524
-1371536.78,100,1893.069115
-1371525.26,100,1894.172479
-1371533.36,100,1895.273219
-1371524.69,100,1896.369645
-1371525.07,100,1897.473659
-1371530.34,100,1898.578395
-1371536.09,100,1899.693286
-1371537.21,100,1900.797503
-1371524.15,100,1901.904048
-1371538.94,100,1902.472073
-1371534.09,100,1903.03782
-1371536.09,100,1903.603233
-1371539.42,100,1904.167615
-1371529.13,100,1904.732344
-1371539.69,100,1905.857125
-1371534.17,100,1906.977398
-1371536.66,100,1908.081295
-1371535.4,100,1909.182694
-1371538.37,100,1910.287313
-1371532.64,100,1911.409897
-1371530.4,100,1912.510912
-1371527.61,100,1913.604257
-1371538.75,100,1914.706759
-1371539.57,100,1915.807027
-1371536.75,100,1916.933522
-1371530.24,100,1918.054478
-1371535.04,100,1919.163909
-1371541.12,100,1920.273916
-1371534.52,100,1921.382133
-1371543.95,100,1922.485761
-1371524.83,100,1923.580951
-1371539.61,100,1924.701388
-1371533.67,100,1925.805456
-1371535.65,100,1926.937812
-1371538.97,100,1928.042715
-1371532.89,100,1929.146957
-1371532.81,100,1930.247327
-1371527.66,100,1931.346587
-1371533.96,100,1932.444532
-1371529.51,100,1933.543672
-1371527.18,100,1934.654885
-1371543.01,100,1935.762712
-1371538.42,100,1936.865186
-1371533.01,100,1937.984494
-1371536.73,100,1939.087672
-1371538.01,100,1940.188846
-1371539.38,100,1941.294289
-1371530.4,100,1942.400587
-1371528.13,100,1943.516143
-1371543.21,100,1944.618637
-1371532.61,100,1945.719811
-1371531.05,100,1946.832755
-1371531.47,100,1947.930615
-1371528.47,100,1949.049978
-1371535.92,100,1950.153
-1371539.37,100,1951.255052
-1371538.38,100,1952.363228
-1371534.13,100,1953.466345
-1371540.49,100,1954.564934
-1371535.12,100,1955.668765
-1371535.49,100,1956.774879
-1371531.32,100,1957.899539
-1371535.89,100,1958.999402
-1371534.7,100,1960.100618
-1371538.14,100,1960.682975
-1371540.12,100,1961.258707
-1371541.6,100,1961.830885
-1371539.66,100,1962.399108
-1371530.55,100,1962.964061
-1371533.28,100,1964.081682
-1371530.08,100,1965.182687
-1371538.32,100,1966.281225
-1371535.09,100,1967.381906
-1371537.08,100,1968.486956
-1371530.21,100,1969.599251
-1371531.72,100,1970.717041
-1371537.72,100,1971.830876
-1371530.42,100,1972.940444
-1371539.4,100,1974.051287
-1371527.57,100,1975.148303
-1371535.6,100,1976.242304
-1371535.02,100,1977.352071
-1371537.4,100,1978.450574
-1371535.62,100,1979.585303
-1371531.26,100,1980.700711
-1371533.18,100,1981.825396
-1371528.9,100,1982.935077
-1371536.26,100,1984.04434
-1371537.49,100,1985.156234
-1371534.31,100,1986.266388
-1371528.49,100,1987.362682
-1371533.46,100,1988.46519
-1371532.62,100,1989.588953
-1371541.14,100,1990.688076
-1371531.35,100,1991.78757
-1371533.98,100,1992.908016
-1371535.69,100,1994.008102
-1371531.04,100,1995.106711
-1371544.69,100,1996.207132
-1371538.32,100,1997.345728
-1371531.71,100,1998.56943
-1371536.96,100,1999.806
-1371535.97,100,2001.066262
-1371534.27,100,2002.235555
-1371533.39,100,2003.342814
-1371542.66,100,2004.469115
-1371534.86,100,2005.610142
-1371545.39,100,2006.869781
-1371530.31,100,2008.024363
-1371529.11,100,2009.129589
-1371531.03,100,2010.26186
-1371535.72,100,2011.406447
-1371536.93,100,2012.512556
-1371535.72,100,2013.627171
-1371529.29,100,2014.748088
-1371540.14,100,2015.862811
-1371534.38,100,2016.979841
-1371535.83,100,2018.149383
-1371532.73,100,2019.26243
-1371544.11,100,2019.839092
-1371530.43,100,2020.420657
-1371536.34,100,2020.993545
-1371527.58,100,2021.569146
-1371542.21,100,2022.192614
-1371541.57,100,2023.423508
-1371541.89,100,2024.584901
-1371541.09,100,2025.733699
-1371536.22,100,2026.910151
-1371533.34,100,2028.032197
-1371527.47,100,2029.147134
-1371534.28,100,2030.271864
-1371544.64,100,2031.385253
-1371534.41,100,2032.518392
-1371539.08,100,2033.629274
-1371538.8,100,2034.799862
-1371532.13,100,2035.954555
-1371541.26,100,2037.092656
-1371541.18,100,2038.22097
-1371538.32,100,2039.369531
-1371538.7,100,2040.500422
-1371537.13,100,2041.633394
-1371544.23,100,2042.755016
-1371540.09,100,2043.862074
-1371530.94,100,2044.973017
-1371543.69,100,2046.092842
-1371530.68,100,2047.197169
-1371532.11,100,2048.304662
-1371543.82,100,2049.418793
-1371532.39,100,2050.581294
-1371542.72,100,2051.709498
-1371527.31,100,2052.826685
-1371532.81,100,2053.947517
-1371535.08,100,2055.065952
-1371530.16,100,2056.168314
-1371541.45,100,2057.274975
-1371527.17,100,2058.382612
-1371532.71,100,2059.497487
-1371539.52,100,2060.614368
-1371539.3,100,2061.734362
-1371535.35,100,2062.864833
-1371535.62,100,2064.05237
-1371533.86,100,2065.306949
-1371534.78,100,2066.523871
-1371538.63,100,2067.724964
-1371536.75,100,2068.829721
-1371531.85,100,2069.930515
-1371533.48,100,2071.026754
-1371536.11,100,2072.136121
-1371532.48,100,2073.241367
-1371532.23,100,2074.384798
-1371536.92,100,2075.500987
-1371541.81,100,2076.636295
-1371537.49,100,2077.795464
-1371526.48,100,2079.013151
-1371540.17,100,2079.591636
-1371535.13,100,2080.180644
-1371535.08,100,2080.763257
-1371533.03,100,2081.33881
-1371539.81,100,2081.939096
-1371535.06,100,2083.175257
-1371535.95,100,2084.292449
-1371526.46,100,2085.380142
-1371535.8,100,2086.481486
-1371533.49,100,2087.5816
-1371534.87,100,2088.683782
-1371529.42,100,2089.790941
-1371541.6,100,2090.898497
-1371542.82,100,2092.001351
-1371544.79,100,2093.109729
-1371531.26,100,2094.213825
-1371534.65,100,2095.320887
-1371533.84,100,2096.435798
-1371543.01,100,2097.540506
-1371537.93,100,2098.648497
-1371540.99,100,2099.738374
-1371531.24,100,2100.829663
-1371535.45,100,2101.937733
-1371540.62,100,2103.038122
-1371530.83,100,2104.141145
-1371539.91,100,2105.243352
-1371535.86,100,2106.356734
-1371529.8,100,2107.454769
-1371525.24,100,2108.569734
-1371538.59,100,2109.70544
-1371535.97,100,2110.819489
-1371528.88,100,2111.926479
-1371534.76,100,2113.03261
-1371539.42,100,2114.12635
-1371539.05,100,2115.213737
-1371536.09,100,2116.305376
-1371534.65,100,2117.402698
-1371545.82,100,2118.506045
-1371539.81,100,2119.607317
-1371540.27,100,2120.707928
-1371539.29,100,2121.804231
-1371540.93,100,2122.907171
-1371535.21,100,2124.013852
-1371533.38,100,2125.164319
-1371540.61,100,2126.307594
-1371535.65,100,2127.495074
-1371533.92,100,2128.698132
-1371537.95,100,2129.865653
-1371545.02,100,2131.060436
-1371542.56,100,2132.249509
-1371544.22,100,2133.463203
-1371537.36,100,2134.591176
-1371542.14,100,2135.703137
-1371532.13,100,2136.805158
-1371542.21,100,2137.904247
-1371543.95,100,2138.471363
-1371539.88,100,2139.038478
-1371542.86,100,2139.602851
-1371538.38,100,2140.173842
-1371534.27,100,2140.747135
-1371531.57,100,2141.858656
-1371529.74,100,2142.975775
-1371543.58,100,2144.071855
-1371535.42,100,2145.160133
-1371540.25,100,2146.26698
-1371538.82,100,2147.370074
-1371542.22,100,2148.46837
-1371539.95,100,2149.566962
-1371529.27,100,2150.665777
-1371533.24,100,2151.765259
-1371531.95,100,2152.862917
-1371523.77,100,2153.955297
-1371527.91,100,2155.057252
-1371543.02,100,2156.165248
-1371534.88,100,2157.268055
-1371529.53,100,2158.366333
-1371536.33,100,2159.461054
-1371536.82,100,2160.550763
-1371542.16,100,2161.649316
-1371538.73,100,2162.743635
-1371534.86,100,2163.841277
-1371531.37,100,2164.938199
-1371534.6,100,2166.041378
-1371532.65,100,2167.140911
-1371537.68,100,2168.252434
-1371539.09,100,2169.350424
-1371529.93,100,2170.451546
-1371533.67,100,2171.553711
-1371536.22,100,2172.655129
-1371535.23,100,2173.753504
-1371540.47,100,2174.861735
-1371531.83,100,2176.090154
-1371534.06,100,2177.605618
-1371536.08,100,2179.033056
-1371548.33,100,2180.515853
-1371533.46,100,2181.70813
-1371530.81,100,2182.882294
-1371532.27,100,2184.364216
-1371530.15,100,2185.973717
-1371544.72,100,2187.340177
-1371533.4,100,2188.683504
-1371526.25,100,2189.940445
-1371529.13,100,2191.241332
-1371536.59,100,2192.540665
-1371535.88,100,2193.643602
-1371536.14,100,2194.740996
-1371533.94,100,2195.849511
-1371533.18,100,2196.953092
-1371535.17,100,2198.059857
-1371541.19,100,2199.161443
-1371535.53,100,2199.736163
-1371532.36,100,2200.312596
-1371531.54,100,2200.892423
-1371540.6,100,2201.468001
-1371530.92,100,2202.043181
-1371536.92,100,2203.152821
-1371531.51,100,2204.260839
-1371531.56,100,2205.361974
-1371534.78,100,2206.463675
-1371533.86,100,2207.563705
-1371532.73,100,2208.667019
-1371537.65,100,2209.760396
-1371541.96,100,2210.849477
-1371539.21,100,2211.946633
-1371533.88,100,2213.046821
-1371534.76,100,2214.15082
-1371533.77,100,2215.29322
-1371521.17,100,2216.51787
-1371537.4,100,2217.669355
-1371533.51,100,2218.822205
-1371540.59,100,2219.934071
-1371534.04,100,2221.05369
-1371536.72,100,2222.159068
-1371533.15,100,2223.259172
-1371538.62,100,2224.353203
-1371531.49,100,2225.455954
-1371537.6,100,2226.598974
-1371531.9,100,2227.729692
-1371530.2,100,2228.832937
-1371542.81,100,2229.938224
-1371527.68,100,2231.03941
-1371538.43,100,2232.14526
-1371530.76,100,2233.257247
-1371536.43,100,2234.362511
-1371531.68,100,2235.52184
-1371530.76,100,2236.640776
-1371538.0,100,2237.778089
-1371537.05,100,2238.896094
-1371539.88,100,2240.031344
-1371533.69,100,2241.163692
-1371535.67,100,2242.270359
-1371531.9,100,2243.379498
-1371526.76,100,2244.532426
-1371540.47,100,2245.705789
-1371530.87,100,2246.86002
-1371539.51,100,2248.103516
-1371528.56,100,2249.229416
-1371538.76,100,2250.462727
-1371538.49,100,2251.646865
-1371534.14,100,2252.869971
-1371534.3,100,2254.074042
-1371530.56,100,2255.311654
-1371532.67,100,2256.551049
-1371530.77,100,2257.74337
-1371538.84,100,2258.922966
-1371544.32,100,2259.518349
-1371540.81,100,2260.092397
-1371531.41,100,2260.684947
-1371540.44,100,2261.263023
-1371534.77,100,2261.847342
-1371539.01,100,2263.04681
-1371528.83,100,2264.212726
-1371535.94,100,2265.375013
-1371537.62,100,2266.498293
-1371529.64,100,2267.607195
-1371530.85,100,2268.710514
-1371538.22,100,2269.814579
-1371539.25,100,2270.913222
-1371542.0,100,2272.013021
-1371541.9,100,2273.124244
-1371537.72,100,2274.30448
-1371537.19,100,2275.626994
-1371535.97,100,2276.813376
-1371529.51,100,2277.932559
-1371529.08,100,2279.047229
-1371535.33,100,2280.18257
-1371530.71,100,2281.386612
-1371538.94,100,2282.529517
-1371541.37,100,2283.669932
-1371538.29,100,2284.798014
-1371537.05,100,2285.939496
-1371540.11,100,2287.054241
-1371535.6,100,2288.199696
-1371536.27,100,2289.398728
-1371522.55,100,2290.622201
-1371537.17,100,2291.762341
-1371536.04,100,2292.87967
-1371539.74,100,2293.992932
-1371525.82,100,2295.102117
-1371531.46,100,2296.203792
-1371537.11,100,2297.303308
-1371526.75,100,2298.403257
-1371540.65,100,2299.520904
-1371533.96,100,2300.625997
-1371531.57,100,2301.754111
-1371534.63,100,2302.871485
-1371530.05,100,2303.990248
-1371530.3,100,2305.103474
-1371533.15,100,2306.246112
-1371531.65,100,2307.352414
-1371528.91,100,2308.459751
-1371537.87,100,2309.576065
-1371523.6,100,2310.699224
-1371533.65,100,2311.857938
-1371530.89,100,2313.018318
-1371532.57,100,2314.173938
-1371532.47,100,2315.340852
-1371537.05,100,2316.479558
-1371542.69,100,2317.616894
-1371531.78,100,2318.760157
-1371542.84,100,2319.340516
-1371542.23,100,2319.917818
-1371537.8,100,2320.492841
-1371531.77,100,2321.084458
-1371539.57,100,2321.671333
-1371535.29,100,2322.868492
-1371534.53,100,2324.0388
-1371533.75,100,2325.149982
-1371533.67,100,2326.461041
-1371528.95,100,2327.700592
-1371536.38,100,2328.94332
-1371543.04,100,2330.106602
-1371536.49,100,2331.313399
-1371528.25,100,2332.454219
-1371538.19,100,2333.565893
-1371540.28,100,2334.685099
-1371533.28,100,2335.800723
-1371524.43,100,2336.922367
-1371546.13,100,2338.029272
-1371535.37,100,2339.136548
-1371534.22,100,2340.228605
-1371539.83,100,2341.340095
-1371532.42,100,2342.451485
-1371530.45,100,2343.563517
-1371530.49,100,2344.684923
-1371535.09,100,2345.798434
-1371532.95,100,2346.910377
-1371535.2,100,2348.06553
-1371538.22,100,2349.244174
-1371536.98,100,2350.354541
-1371532.56,100,2351.480111
-1371538.84,100,2352.614344
-1371533.57,100,2353.744325
-1371528.58,100,2354.854174
-1371536.47,100,2355.960113
-1371534.55,100,2357.085401
-1371537.51,100,2358.314814
-1371536.34,100,2359.444534
-1371533.47,100,2360.560955
-1371535.34,100,2361.698789
-1371533.24,100,2362.847556
-1371530.42,100,2363.986953
-1371532.25,100,2365.210524
-1371531.85,100,2366.354799
-1371536.0,100,2367.478309
-1371537.86,100,2368.626441
-1371537.62,100,2369.836182
-1371537.92,100,2370.957837
-1371542.18,100,2372.084639
-1371538.82,100,2373.216601
-1371534.39,100,2374.421231
-1371539.91,100,2375.626748
-1371534.59,100,2376.743474
-1371537.12,100,2377.883335
-1371530.95,100,2379.071848
-1371536.38,100,2379.649504
-1371533.67,100,2380.235507
-1371540.86,100,2380.818626
-1371541.21,100,2381.399466
-1371541.32,100,2381.97931
-1371533.69,100,2383.146522
-1371532.38,100,2384.271335
-1371537.38,100,2385.395241
-1371528.57,100,2386.508832
-1371529.45,100,2387.652148
-1371536.8,100,2388.807275
-1371537.45,100,2389.942578
-1371538.14,100,2391.102231
-1371537.97,100,2392.229712
-1371535.7,100,2393.358614
-1371533.2,100,2394.480733
-1371536.84,100,2395.634414
-1371534.55,100,2396.804797
-1371531.02,100,2397.92541
-1371532.43,100,2399.081449
-1371540.21,100,2400.19144
-1371533.39,100,2401.312826
-1371538.67,100,2402.491352
-1371534.8,100,2403.619705
-1371534.77,100,2404.803951
-1371536.91,100,2405.976314
-1371532.78,100,2407.145755
-1371541.01,100,2408.316243
