#{"t_start": 1676415837.308414, "env_id": "NetworkManagement-v1"}
r,l,t
-1367333.207,100,0.608688
-1578787.211,100,2.017457
-1518321.398,100,3.362059
-714913.027,100,4.705184
-715163.001,100,6.046558
-68324.23,100,7.37422
-107772.617,100,8.713368
-73967.318,100,10.058721
-729610.11,100,11.4001
-727468.86,100,12.744697
-726999.9,100,14.088138
-726525.18,100,15.429527
-816353.76,100,16.771491
-2049400.17,100,18.112712
-2036963.21,100,19.454204
-2049140.418,100,20.788705
-2061956.64,100,22.115356
-2055075.73,100,23.457892
-2062030.78,100,24.800965
-2062424.06,100,26.142677
-2062440.61,100,27.497222
-1737468.39,100,28.842129
-1373513.8,100,30.210385
-1373511.66,100,31.553243
-1373508.26,100,32.893539
-1373516.36,100,34.237307
-1373521.89,100,35.580642
-1373513.65,100,36.92441
-1373414.0,100,38.26803
-1372512.76,100,39.596918
-1372478.48,100,40.926553
-1372479.9,100,42.272002
-1372477.51,100,43.618695
-1372470.1,100,44.967731
-1372487.61,100,46.31235
-1372493.94,100,47.655608
-1372491.74,100,49.003638
-1372496.38,100,50.348605
-1372488.28,100,51.691583
-1372486.74,100,53.037265
-1372485.52,100,54.382478
-1372497.46,100,55.725454
-1372511.41,100,57.067978
-1372494.06,100,58.388665
-1372477.08,100,59.726603
-1372502.72,100,61.072645
-1372482.08,100,62.411975
-1372500.51,100,63.755908
-1582394.36,100,65.10325
-2029064.14,100,66.448505
-2029095.1,100,67.022071
-2029082.22,100,67.594513
-2029072.36,100,68.165841
-2029113.71,100,68.736785
-2029074.96,100,69.310923
-2029066.32,100,70.701057
-2029079.52,100,72.047664
-2029074.1,100,73.369433
-2029065.52,100,74.699536
-2029076.68,100,76.04954
-2029072.12,100,77.399609
-2029076.66,100,78.743103
-2029080.86,100,80.116453
-2029078.93,100,81.543817
-2029065.28,100,82.922772
-2029071.5,100,84.417125
-2029057.45,100,85.897085
-2029082.04,100,87.339259
-2029071.92,100,88.772198
-2029073.71,100,90.106691
-2029085.03,100,91.45365
-2029092.17,100,92.8953
-2029076.17,100,94.419147
-2029104.55,100,95.877674
-2029107.18,100,97.30613
-2029070.77,100,98.691127
-2029074.3,100,100.026926
-2029063.19,100,101.361725
-2029085.67,100,102.701813
-2029080.11,100,104.135696
-2029071.28,100,105.630739
-2029082.3,100,107.059161
-2029069.92,100,108.521191
-2029074.8,100,109.949418
-2029072.91,100,111.359705
-2029079.46,100,112.799609
-2029087.03,100,114.196907
-2029058.93,100,115.634282
-2029074.12,100,117.11518
-2029075.4,100,118.541304
-2029084.83,100,120.038492
-2029070.35,100,121.394137
-2029082.93,100,122.848207
-2029092.02,100,124.207892
-2029105.01,100,125.55534
-2029076.64,100,126.901476
-2029078.42,100,128.273095
-2029068.62,100,129.651233
-2029087.62,100,131.075076
-2029098.84,100,132.422381
-2029071.66,100,133.749845
-2029085.57,100,135.098263
-2029076.23,100,136.442297
-2029090.12,100,137.784858
-2029072.17,100,139.123068
-2029066.65,100,139.696754
-2029069.46,100,140.266375
-2029078.79,100,140.836247
-2029084.74,100,141.40472
-2029059.72,100,141.973371
-2029087.8,100,143.34586
-2029082.39,100,144.689462
-2029075.17,100,146.0625
-2029062.94,100,147.400503
-2029065.57,100,148.732629
-2029073.13,100,150.062932
-2029080.45,100,151.403675
-2029064.56,100,152.748191
-2029068.04,100,154.091262
-2029093.0,100,155.434767
-2029087.47,100,156.78044
-2029093.48,100,158.119385
-2029077.66,100,159.453266
-2029091.28,100,160.781152
-2029090.08,100,162.098221
-2029082.39,100,163.424413
-2029054.6,100,164.750802
-2029077.03,100,166.092452
-2029083.56,100,167.434064
-2029075.52,100,168.79693
-2029067.61,100,170.143531
-2029062.39,100,171.487368
-2029070.56,100,172.824583
-2029070.68,100,174.161711
-2029061.5,100,175.565654
-2029071.41,100,176.991405
-2029089.96,100,178.322856
-2029086.52,100,179.642183
-2029081.68,100,180.988148
-2029068.72,100,182.342834
-2029069.77,100,183.682835
-2029069.83,100,185.027277
-2029064.27,100,186.38159
-2029079.83,100,187.721402
-2029073.83,100,189.052299
-2029075.07,100,190.389933
-2029092.8,100,191.721919
-2029073.16,100,193.037995
-2029072.56,100,194.349773
-2029067.36,100,195.684128
-2029049.6,100,197.019469
-2029075.57,100,198.356051
-2029068.64,100,199.692868
-2029064.88,100,201.027982
-2029070.21,100,202.363505
-2029084.95,100,203.696349
-2029065.26,100,205.033474
-2029093.21,100,206.368844
-2029075.58,100,207.695717
-2029076.54,100,209.012794
-2029093.65,100,209.583401
-2029081.62,100,210.151905
-2029065.64,100,210.721136
-2029077.28,100,211.289207
-2029090.03,100,211.85745
-2029070.39,100,213.214814
-2029064.23,100,214.554197
-2029081.81,100,215.891659
-2029061.95,100,217.234802
-2029087.1,100,218.567653
-2029079.32,100,219.916955
-2029074.79,100,221.269394
-2029076.78,100,222.602248
-2029091.85,100,223.929673
-2029114.73,100,225.268811
-2029071.76,100,226.610368
-2029091.71,100,227.951879
-2029089.09,100,229.288485
-2029088.71,100,230.634406
-2029099.14,100,231.973045
-2029072.16,100,233.310411
-2029075.47,100,234.649421
-2029077.57,100,235.983724
-2029075.84,100,237.298763
-2029087.3,100,238.627047
-2029088.3,100,239.963755
-2029084.98,100,241.301496
-2029077.63,100,242.636229
-2029091.32,100,243.973509
-2029072.15,100,245.312129
-2029073.19,100,246.65761
-2029085.75,100,247.989543
-2029076.11,100,249.328772
-2029077.77,100,250.6671
-2029083.52,100,251.990197
-2029076.33,100,253.320515
-2029070.97,100,254.66663
-2029068.6,100,256.004959
-2029097.14,100,257.350558
-2029069.96,100,258.706311
-2029057.75,100,260.053312
-2029068.24,100,261.394262
-2029098.65,100,262.734102
-2029097.15,100,264.070425
-2029073.57,100,265.40015
-2029075.65,100,266.711871
-2029090.99,100,268.042815
-2029094.23,100,269.394082
-2029076.61,100,270.741246
-2029089.75,100,272.086216
-2029099.06,100,273.434141
-2029087.5,100,274.777896
-2029061.35,100,276.128736
-2029094.44,100,277.466137
-2029070.98,100,278.819376
-2029086.48,100,279.391265
-2029086.11,100,279.958236
-2029077.02,100,280.526235
-2029066.26,100,281.093396
-2029089.72,100,281.65947
-2029071.86,100,282.992743
-2029059.23,100,284.338796
-2029075.59,100,285.677709
-2029086.49,100,287.015978
-2029082.8,100,288.358394
-2029068.03,100,289.696427
-2029086.43,100,291.034299
-2029082.15,100,292.371403
-2029090.7,100,293.673639
-2029075.04,100,295.30439
-2029063.46,100,296.629687
-2029091.5,100,297.964919
-2029063.85,100,299.296065
-2029082.2,100,300.622048
-2029065.78,100,301.968989
-2029084.28,100,303.307345
-2029066.06,100,304.651204
-2029066.44,100,306.005293
-2029082.03,100,307.352447
-2029077.94,100,308.71197
-2029070.81,100,310.048915
-2029081.25,100,311.375455
-2029064.41,100,312.716805
-2029059.07,100,314.070351
-2029074.43,100,315.419734
-2029082.81,100,316.761449
-2029082.65,100,318.103483
-2029091.35,100,319.438833
-2029059.13,100,320.788029
-2029098.83,100,322.160161
-2029089.73,100,323.50196
-2029070.83,100,324.838942
-2029096.02,100,326.163196
-2029064.71,100,327.502619
-2029074.3,100,328.844303
-2029086.11,100,330.182978
-2029068.81,100,331.52176
-2029082.14,100,332.856868
-2029089.01,100,334.198876
-2029080.22,100,335.537421
-2029078.66,100,336.887631
-2029086.98,100,338.232566
-2029081.3,100,339.568461
-2029094.18,100,340.91531
-2029060.14,100,342.270672
-2029069.56,100,343.621565
-2029067.7,100,344.96971
-2029079.13,100,346.321658
-2029082.77,100,347.671117
-2029073.79,100,349.013203
-2029065.01,100,349.589477
-2029079.74,100,350.159413
-2029058.78,100,350.730295
-2029069.34,100,351.301223
-2029069.76,100,351.874419
-2029076.52,100,353.231188
-2029075.55,100,354.570036
-2029073.48,100,355.915181
-2029077.65,100,357.258393
-2029088.14,100,358.65873
-2029063.05,100,360.010877
-2029069.66,100,361.359129
-2029069.78,100,362.7098
-2029061.45,100,364.054112
-2029075.88,100,365.436501
-2029056.67,100,366.781994
-2029087.04,100,368.130011
-2029067.3,100,369.450037
-2029067.72,100,370.790848
-2029080.19,100,372.12759
-2029066.22,100,373.470737
-2029066.86,100,374.814378
-2029082.34,100,376.156756
-2029074.89,100,377.498687
-2029070.32,100,378.837159
-2029091.76,100,380.175945
-2029080.13,100,381.512712
-2029073.42,100,382.838623
-2029069.59,100,384.181621
-2029091.56,100,385.63825
-2029087.81,100,387.000593
-2029090.67,100,388.378688
-2029060.87,100,389.757404
-2029076.94,100,391.129665
-2029065.83,100,392.573891
-2029084.5,100,394.007927
-2029067.86,100,395.402187
-2029086.63,100,396.753484
-2029077.45,100,398.090066
-2029083.98,100,399.43084
-2029071.54,100,400.767286
-2029076.64,100,402.122946
-2029073.26,100,403.467914
-2029082.08,100,404.800046
-2029084.47,100,406.128033
-2029082.5,100,407.456021
-2029098.92,100,408.784775
-2029068.71,100,410.113109
-2029096.05,100,411.441271
-2029071.18,100,412.758684
-2029073.89,100,414.064204
-2029083.73,100,415.433675
-2029071.15,100,416.866705
-2029084.49,100,418.319632
-2029065.71,100,419.688346
-2029084.69,100,420.278208
-2029076.26,100,420.861877
-2029088.71,100,421.44121
-2029071.03,100,422.017988
-2029070.68,100,422.603193
-2029074.05,100,424.024688
-2029073.14,100,425.390374
-2029060.96,100,426.72512
-2029089.56,100,428.077266
-2029079.9,100,429.438785
-2029067.9,100,430.76073
-2029063.26,100,432.156743
-2029067.35,100,433.519092
-2029064.5,100,434.882516
-2029091.75,100,436.241999
-2029085.06,100,437.671438
-2029080.21,100,439.082134
-2029092.69,100,440.492316
-2029056.52,100,441.860405
-2029075.44,100,443.186913
-2029087.87,100,444.514013
-2029080.36,100,445.849891
-2029067.3,100,447.279288
-2029089.68,100,449.00964
-2029081.7,100,450.420377
-2029075.31,100,451.849642
-2029079.45,100,453.25463
-2029063.96,100,454.650818
-2029070.19,100,456.084951
-2029073.9,100,457.463358
-2029078.65,100,458.867641
-2029090.63,100,460.274565
-2029091.5,100,461.686136
-2029073.62,100,463.080173
-2029065.17,100,464.442615
-2029084.93,100,465.87139
-2029083.16,100,467.306638
-2029080.5,100,468.703221
-2029087.66,100,470.140311
-2029091.88,100,471.537195
-2029070.37,100,472.965411
-2029104.55,100,474.344291
-2029081.48,100,475.722639
-2029089.71,100,477.060946
-2029071.35,100,478.381268
-2029071.35,100,479.763801
-2029061.3,100,481.206678
-2029061.53,100,482.590896
-2029069.06,100,483.978092
-2029077.07,100,485.358041
-2029073.27,100,486.722339
-2029062.08,100,488.096117
-2029082.22,100,489.4913
-2029078.19,100,490.857739
-2029073.64,100,492.172122
-2029065.27,100,492.740226
-2029081.69,100,493.305855
-2029061.69,100,493.870418
-2029075.68,100,494.440721
-2029080.77,100,495.007829
-2029073.58,100,496.353357
-2029083.81,100,497.685777
-2029073.2,100,499.018316
-2029086.76,100,500.353108
-2029081.4,100,501.750986
-2029078.88,100,503.139577
-2029088.37,100,504.520012
-2029075.5,100,505.926968
-2029076.21,100,507.335828
-2029085.28,100,508.74416
-2029067.59,100,510.176323
-2029087.5,100,511.605639
-2029104.72,100,512.97857
-2029071.25,100,514.35148
-2029103.63,100,515.728398
-2029091.32,100,517.118224
-2029073.34,100,518.518477
-2029085.82,100,519.99475
-2029064.01,100,521.376434
-2029065.78,100,522.782078
-2029075.3,100,524.15596
-2029077.31,100,525.504854
-2029070.05,100,526.845372
-2029074.57,100,528.227927
-2029071.39,100,529.654815
-2029090.57,100,531.039821
-2029081.25,100,532.369487
-2029078.88,100,533.703953
-2029086.29,100,535.043772
-2029081.29,100,536.371724
-2029100.03,100,537.696261
-2029068.58,100,539.030709
-2029068.69,100,540.423117
-2029064.41,100,541.828621
-2029072.8,100,543.21332
-2029090.01,100,544.624476
-2029064.24,100,545.981176
-2029080.07,100,547.359091
-2029072.52,100,548.769808
-2029074.9,100,550.158973
-2029070.46,100,551.582938
-2029075.86,100,552.974783
-2029080.14,100,554.352393
-2029070.27,100,555.720299
-2029089.12,100,557.097686
-2029094.93,100,558.469341
-2029076.53,100,559.811589
-2029058.23,100,561.138032
-2029092.13,100,562.470726
-2029071.32,100,563.80563
-2029079.14,100,564.377413
-2029080.51,100,564.943478
-2029093.38,100,565.510528
-2029098.36,100,566.079147
-2029084.3,100,566.653311
-2029052.77,100,567.982117
-2029092.93,100,569.311616
-2029099.61,100,570.642453
-2029067.76,100,571.97515
-2029073.43,100,573.301962
-2029090.85,100,574.637076
-2029078.81,100,575.969271
-2029070.94,100,577.301798
-2029069.46,100,578.637845
-2029068.02,100,579.962448
-2029085.04,100,581.290885
-2029086.92,100,582.614977
-2029070.0,100,583.948428
-2029070.09,100,585.277947
-2029057.34,100,586.613062
-2029074.88,100,587.94633
-2029074.43,100,589.275337
-2029073.7,100,590.626132
-2029097.87,100,592.035497
-2029055.58,100,593.442661
-2029082.21,100,594.867556
-2029075.76,100,596.252877
-2029069.79,100,597.645018
-2029104.84,100,598.992551
-2029072.5,100,600.403061
-2029066.6,100,601.865072
-2029067.9,100,603.374957
-2029064.47,100,604.856301
-2029074.9,100,606.261221
-2029084.54,100,607.665654
-2029069.89,100,609.02334
-2029088.49,100,610.426156
-2029069.81,100,611.8294
-2029064.2,100,613.229191
-2029085.91,100,614.617146
-2029070.23,100,615.999736
-2029079.9,100,617.378731
-2029079.12,100,618.811976
-2029079.51,100,620.15802
-2029081.28,100,621.52021
-2029065.9,100,622.848495
-2029096.67,100,624.19569
-2029085.81,100,625.528129
-2029076.65,100,626.861086
-2029073.32,100,628.173306
-2029081.97,100,629.497069
-2029066.99,100,630.848968
-2029059.78,100,632.177552
-2029068.85,100,633.502686
-2029082.82,100,634.831866
-2029069.98,100,635.400533
-2029067.2,100,635.966597
-2029075.27,100,636.53262
-2029086.11,100,637.098463
-2029063.03,100,637.66442
-2029068.87,100,639.007003
-2029072.95,100,640.340539
-2029087.37,100,641.658414
-2029069.88,100,642.967075
-2029063.08,100,644.307399
-2029074.51,100,645.63819
-2029085.87,100,646.971176
-2029071.21,100,648.29868
-2029085.53,100,649.630667
-2029069.73,100,650.991704
-2029066.43,100,652.347003
-2029077.57,100,653.724293
-2029077.45,100,655.066162
-2029087.19,100,656.40016
-2029082.61,100,657.727138
-2029074.31,100,659.059401
-2029068.77,100,660.394638
-2029078.48,100,661.754283
-2029069.55,100,663.152222
-2029071.66,100,664.554005
-2029087.15,100,665.94759
-2029086.87,100,667.309532
-2029071.79,100,668.663638
-2029069.95,100,670.045169
-2029097.03,100,671.400819
-2029069.08,100,672.765231
-2029077.81,100,674.101554
-2029064.08,100,675.454163
-2029071.37,100,676.793324
-2029092.13,100,678.142674
-2029064.52,100,679.537649
-2029065.85,100,680.941791
-2029077.37,100,682.323451
-2029068.69,100,683.69733
-2029074.25,100,685.06142
-2029080.72,100,686.41069
-2029096.86,100,687.744882
-2029065.65,100,689.140916
-2029061.22,100,690.501571
-2029089.59,100,691.847864
-2029085.8,100,693.241548
-2029093.79,100,694.628267
-2029089.54,100,696.001527
-2029083.92,100,697.354023
-2029075.87,100,698.704854
-2029068.46,100,700.069312
-2029093.03,100,701.408734
-2029096.18,100,702.753545
-2029066.89,100,704.13469
-2029090.78,100,705.508971
-2029062.95,100,706.084142
-2029084.15,100,706.656488
-2029066.88,100,707.227867
-2029081.36,100,707.797419
-2029075.31,100,708.365653
-2029108.04,100,709.736309
-2029093.17,100,711.112913
-2029062.72,100,712.491752
-2029071.14,100,713.858763
-2029086.05,100,715.214441
-2029074.7,100,716.601266
-2029085.81,100,717.932427
-2029081.59,100,719.267114
-2029069.14,100,720.593427
-2029091.94,100,721.951994
-2029083.83,100,723.366403
-2029085.54,100,724.770131
-2029082.29,100,726.152262
-2029084.57,100,727.540674
-2029069.03,100,728.888048
-2029097.19,100,730.216628
-2029064.71,100,731.547537
-2029062.11,100,732.877721
-2029058.22,100,734.206504
-2029074.11,100,735.52702
-2029089.29,100,736.834073
-2029065.33,100,738.180278
-2029069.52,100,739.597759
-2029079.23,100,740.976756
-2029081.41,100,742.367422
-2029086.63,100,743.740195
-2029090.09,100,745.12739
-2029065.52,100,746.45593
-2029067.39,100,747.808129
-2029073.37,100,749.164202
-2029077.07,100,750.48504
-2029069.47,100,751.791186
-2029066.24,100,753.112281
-2029090.63,100,754.439425
-2029088.82,100,755.769227
-2029082.87,100,757.097365
-2029063.78,100,758.426921
-2029091.74,100,759.756233
-2029078.41,100,761.083447
-2029079.44,100,762.408403
-2029079.22,100,763.730345
-2029075.11,100,765.064615
-2029078.38,100,766.374002
-2029079.71,100,767.694447
-2029076.19,100,769.02284
-2029073.45,100,770.352412
-2029062.88,100,771.681698
-2029065.64,100,773.009789
-2029076.38,100,774.338496
-2029078.8,100,775.664414
-2029088.87,100,776.231535
-2029062.84,100,776.799427
-2029064.35,100,777.367496
-2029083.79,100,777.934165
-2029054.77,100,778.499917
-2029085.67,100,779.845805
-2029075.43,100,781.162655
-2029073.3,100,782.478641
-2029064.45,100,783.813037
-2029086.51,100,785.145263
-2029062.63,100,786.475909
-2029066.45,100,787.803817
-2029093.03,100,789.131941
-2029067.66,100,790.459556
-2029057.3,100,791.787927
-2029091.05,100,793.115224
-2029072.06,100,794.484918
-2029067.96,100,795.918811
-2029093.94,100,797.345298
-2029092.29,100,798.721582
-2029079.65,100,800.052078
-2029085.47,100,801.409769
-2029062.46,100,802.757424
-2029063.76,100,804.092751
-2029070.29,100,805.427374
-2029098.81,100,806.765781
-2029072.33,100,808.108851
-2029064.21,100,809.557317
-2029082.31,100,810.920931
-2029069.09,100,812.32677
-2029066.37,100,813.689763
-2029064.2,100,815.034494
-2029068.42,100,816.380576
-2029075.37,100,817.729556
-2029091.85,100,819.079975
-2029089.17,100,820.437187
-2029079.94,100,821.812823
-2029067.86,100,823.228568
-2029088.6,100,824.583868
-2029086.58,100,825.902678
-2029068.1,100,827.226976
-2029081.33,100,828.561165
-2029076.13,100,829.892873
-2029074.96,100,831.274331
-2029093.62,100,832.664857
-2029061.36,100,834.020395
-2029082.32,100,835.354723
-2029087.17,100,836.686982
-2029056.59,100,838.020354
-2029084.12,100,839.349082
-2029088.47,100,840.67695
-2029074.26,100,842.008701
-2029072.62,100,843.342179
-2029077.61,100,844.654327
-2029067.81,100,845.972211
-2029075.63,100,846.543574
-2029089.3,100,847.120735
-2029070.85,100,847.730865
-2029070.99,100,848.317799
-2029069.73,100,848.895298
-2029077.08,100,850.286341
-2029066.43,100,851.6762
-2029102.43,100,853.085268
-2029074.19,100,854.462146
-2029073.87,100,855.889911
-2029072.78,100,857.294901
-2029082.05,100,858.763541
-2029070.67,100,860.235623
-2029080.85,100,861.597711
-2029084.18,100,862.934556
-2029064.39,100,864.268375
-2029104.46,100,865.60561
-2029077.42,100,866.93922
-2029076.07,100,868.272838
-2029082.23,100,869.636031
-2029084.08,100,870.971473
-2029060.14,100,872.323467
-2029066.0,100,873.643599
-2029071.43,100,874.955947
-2029082.86,100,876.288543
-2029092.84,100,877.62358
-2029059.67,100,878.957878
-2029085.28,100,880.292348
-2029062.33,100,881.62518
-2029072.68,100,882.965615
-2029074.22,100,884.318283
-2029089.39,100,885.669349
-2029089.25,100,887.040857
-2029073.25,100,888.398828
-2029062.52,100,889.769644
-2029071.49,100,891.200642
-2029074.5,100,892.595659
-2029089.56,100,893.990556
-2029084.06,100,895.469439
-2029067.36,100,896.832594
-2029093.95,100,898.17104
-2029074.47,100,899.491462
-2029082.03,100,900.817391
-2029068.32,100,902.153669
-2029078.96,100,903.486347
-2029086.55,100,904.816925
-2029076.56,100,906.178931
-2029096.12,100,907.513427
-2029085.96,100,908.834493
-2029060.05,100,910.148906
-2029094.58,100,911.482318
-2029096.68,100,912.81308
-2029070.52,100,914.146552
-2029069.27,100,915.480631
-2029076.56,100,916.813208
-2029069.32,100,917.384667
-2029086.93,100,917.954846
-2029087.73,100,918.523659
-2029070.69,100,919.092476
-2029084.06,100,919.660662
-2029096.72,100,921.016562
-2029069.57,100,922.356418
-2029077.26,100,923.689775
-2029067.44,100,925.023137
-2029083.56,100,926.362841
-2029060.93,100,927.703681
-2029084.54,100,929.036234
-2029075.44,100,930.360294
-2029065.08,100,931.708422
-2029068.2,100,933.077699
-2029077.06,100,934.425583
-2029074.64,100,935.777738
-2029071.2,100,937.145815
-2029066.86,100,938.528498
-2029068.98,100,939.892388
-2029083.08,100,941.29426
-2029073.97,100,942.686652
-2029090.49,100,944.136652
-2029089.16,100,945.498191
-2029070.08,100,946.843571
-2029095.96,100,948.244052
-2029093.26,100,949.611463
-2029078.09,100,951.107461
-2029075.15,100,952.588009
-2029067.64,100,953.947125
-2029082.5,100,955.286119
-2029074.86,100,956.669239
-2029076.3,100,958.075161
-2029103.11,100,959.4278
-2029063.64,100,960.823035
-2029088.0,100,962.249688
-2029094.78,100,963.638876
-2029095.88,100,965.080366
-2029073.28,100,966.454531
-2029069.22,100,967.820018
-2029063.42,100,969.256586
-2029079.76,100,970.629708
-2029071.39,100,972.040457
-2029067.7,100,973.414298
-2029079.87,100,974.777948
-2029069.21,100,976.275408
-2029073.35,100,977.637862
-2029079.79,100,978.997451
-2029077.57,100,980.369913
-2029057.15,100,981.754948
-2029072.05,100,983.160087
-2029090.06,100,984.528554
-2029078.23,100,985.926925
-2029065.93,100,987.379566
-2029091.47,100,988.717536
-2029086.79,100,989.293856
-2029061.7,100,989.870565
-2029096.22,100,990.443508
-2029076.45,100,991.017615
-2029081.78,100,991.591179
-2029057.57,100,992.940942
-2029090.75,100,994.280145
-2029071.41,100,995.613017
-2029084.71,100,996.950147
-2029096.43,100,998.283216
-2029075.27,100,999.620267
-2029067.45,100,1000.952763
-2029066.69,100,1002.267297
-2029092.77,100,1003.599433
-2029079.58,100,1004.939262
-2029070.8,100,1006.274654
-2029069.16,100,1007.61616
-2029074.52,100,1008.952868
-2029069.25,100,1010.290591
-2029074.35,100,1011.62803
-2029072.46,100,1012.960442
-2029065.78,100,1014.294969
-2029079.6,100,1015.620152
-2029075.06,100,1016.937108
-2029077.1,100,1018.269545
-2029074.53,100,1019.607189
-2029094.73,100,1020.942243
-2029084.75,100,1022.282861
-2029090.32,100,1023.618707
-2029074.66,100,1024.959459
-2029075.03,100,1026.294197
-2029089.59,100,1027.631551
-2029075.22,100,1028.971851
-2029099.93,100,1030.307733
-2029073.44,100,1031.638701
-2029074.54,100,1032.971626
-2029082.55,100,1034.294651
-2029076.67,100,1035.626279
-2029067.01,100,1037.025185
-2029078.29,100,1038.390605
-2029087.83,100,1039.770733
-2029077.41,100,1041.186373
-2029087.66,100,1042.651703
-2029080.44,100,1044.046162
-2029062.59,100,1045.421326
-2029093.11,100,1046.764049
-2029083.04,100,1048.102507
-2029082.59,100,1049.422552
-2029084.26,100,1050.759065
-2029084.2,100,1052.111846
-2029078.52,100,1053.451797
-2029074.33,100,1054.786725
-2029076.79,100,1056.123765
-2029066.27,100,1057.460381
-2029071.87,100,1058.804784
-2029071.48,100,1059.378761
-2029090.08,100,1059.94893
-2029073.26,100,1060.518283
-2029072.26,100,1061.091343
-2029091.69,100,1061.675624
-2029094.78,100,1063.051713
-2029071.33,100,1064.428921
-2029064.71,100,1065.836911
-2029068.77,100,1067.313576
-2029080.64,100,1068.674326
-2029089.04,100,1070.014718
-2029076.31,100,1071.351512
-2029067.84,100,1072.688378
-2029079.25,100,1074.034664
-2029088.42,100,1075.367548
-2029067.02,100,1076.705252
-2029066.09,100,1078.022017
-2029063.33,100,1079.342468
-2029087.18,100,1080.676797
-2029075.84,100,1082.012451
-2029099.96,100,1083.35754
-2029090.94,100,1084.687644
-2029080.91,100,1086.021753
-2029090.35,100,1087.362491
-2029074.08,100,1088.69858
-2029070.11,100,1090.033194
-2029104.63,100,1091.367205
-2029069.72,100,1092.698682
-2029063.54,100,1094.006877
-2029078.46,100,1095.338055
-2029075.08,100,1096.673571
-2029075.79,100,1098.005988
-2029061.33,100,1099.338789
-2029071.41,100,1100.674177
-2029068.75,100,1102.007093
-2029073.26,100,1103.33999
-2029088.26,100,1104.674332
-2029073.68,100,1106.007732
-2029083.14,100,1107.336246
-2029091.75,100,1108.649072
-2029094.07,100,1109.983992
-2029087.28,100,1111.32152
-2029057.96,100,1112.661606
-2029097.98,100,1113.994429
-2029081.35,100,1115.326241
-2029060.16,100,1116.660039
-2029077.58,100,1117.992326
-2029063.34,100,1119.327323
-2029079.19,100,1120.661021
-2029076.38,100,1121.997781
-2029070.05,100,1123.337449
-2029091.77,100,1124.676804
-2029091.41,100,1126.006187
-2029056.21,100,1127.319042
-2029090.19,100,1128.652768
-2029064.6,100,1129.22454
-2029073.95,100,1129.793055
-2029065.36,100,1130.366583
-2029094.0,100,1130.935533
-2029081.84,100,1131.505179
-2029074.82,100,1132.850653
-2029068.75,100,1134.196097
-2029079.36,100,1135.528731
-2029093.97,100,1136.860398
-2029086.55,100,1138.190536
-2029073.12,100,1139.526018
-2029072.42,100,1140.843628
-2029072.06,100,1142.156936
-2029065.05,100,1143.490869
-2029084.21,100,1144.823697
-2029082.25,100,1146.157526
-2029076.63,100,1147.491417
-2029063.59,100,1148.824696
-2029090.77,100,1150.157634
-2029094.03,100,1151.487294
-2029088.51,100,1152.815124
-2029080.21,100,1154.146887
-2029082.02,100,1155.47874
-2029083.22,100,1156.810853
-2029083.73,100,1158.147055
-2029068.41,100,1159.552438
-2029093.18,100,1160.910994
-2029076.44,100,1162.350716
-2029080.77,100,1163.688585
-2029067.77,100,1165.039282
-2029082.97,100,1166.450695
-2029072.31,100,1167.808165
-2029073.86,100,1169.148422
-2029062.91,100,1170.640386
-2029078.0,100,1172.019674
-2029080.88,100,1173.513293
-2029072.89,100,1174.935933
-2029059.69,100,1176.279751
-2029069.22,100,1177.613067
-2029090.1,100,1178.966748
-2029078.6,100,1180.301729
-2029093.4,100,1181.638842
-2029072.86,100,1182.976243
-2029080.54,100,1184.311887
-2029083.68,100,1185.64655
-2029061.19,100,1186.98199
-2029051.57,100,1188.306071
-2029063.33,100,1189.610667
-2029085.48,100,1190.943642
-2029061.97,100,1192.27467
-2029076.4,100,1193.604078
-2029083.32,100,1194.936909
-2029082.87,100,1196.267683
-2029069.45,100,1197.600763
-2029083.76,100,1198.934145
-2029076.95,100,1199.502178
-2029090.11,100,1200.06844
-2029078.56,100,1200.637027
-2029068.23,100,1201.204316
-2029071.73,100,1201.771264
-2029065.26,100,1203.108472
-2029072.86,100,1204.4453
-2029085.05,100,1205.777844
-2029069.86,100,1207.109121
-2029074.9,100,1208.432957
-2029074.42,100,1209.74776
-2029066.81,100,1211.081193
-2029090.67,100,1212.414405
-2029076.67,100,1213.743819
-2029069.64,100,1215.076076
-2029094.86,100,1216.407116
-2029084.42,100,1217.741462
-2029076.47,100,1219.084135
-2029076.1,100,1220.415257
-2029076.41,100,1221.745529
-2029060.66,100,1223.077451
-2029091.53,100,1224.410582
-2029072.29,100,1225.743045
-2029081.06,100,1227.087378
-2029066.41,100,1228.423162
-2029086.05,100,1229.734719
-2029060.38,100,1231.056929
-2029080.87,100,1232.390284
-2029082.59,100,1233.719569
-2029078.25,100,1235.050799
-2029081.75,100,1236.446766
-2029064.36,100,1237.834589
-2029071.09,100,1239.189917
-2029068.97,100,1240.539662
-2029087.07,100,1241.93092
-2029058.74,100,1243.279773
-2029084.81,100,1244.624799
-2029066.34,100,1245.988365
-2029062.25,100,1247.532102
-2029079.28,100,1248.953796
-2029075.55,100,1250.338397
-2029083.38,100,1251.733443
-2029073.63,100,1253.073348
-2029072.14,100,1254.415912
-2029083.29,100,1255.782204
-2029074.38,100,1257.160807
-2029079.35,100,1258.532188
-2029088.88,100,1259.917875
-2029076.21,100,1261.297575
-2029059.67,100,1262.783709
-2029057.07,100,1264.157575
-2029071.15,100,1265.506743
-2029067.53,100,1266.986421
-2029079.64,100,1268.398492
-2029065.75,100,1269.7421
-2029071.29,100,1270.329453
-2029071.54,100,1270.914285
-2029083.87,100,1271.500627
-2029076.73,100,1272.097573
-2029074.06,100,1272.670381
-2029083.68,100,1274.035381
-2029064.08,100,1275.496371
-2029084.46,100,1277.066501
-2029064.69,100,1278.412446
-2029082.01,100,1279.799062
-2029075.67,100,1281.171858
-2029071.69,100,1282.518735
-2029086.65,100,1283.986049
-2029071.0,100,1285.317673
-2029077.56,100,1286.673368
-2029081.04,100,1288.02376
-2029076.68,100,1289.401528
-2029076.67,100,1290.742446
-2029085.76,100,1292.073632
-2029081.28,100,1293.381846
-2029068.28,100,1294.721913
-2029078.32,100,1296.06118
-2029070.34,100,1297.396395
-2029072.28,100,1298.737598
-2029069.0,100,1300.071038
-2029087.49,100,1301.403467
-2029096.74,100,1302.738225
-2029095.8,100,1304.076975
-2029065.84,100,1305.408321
-2029082.96,100,1306.748099
-2029093.64,100,1308.061899
-2029087.58,100,1309.383892
-2029069.21,100,1310.718028
-2029078.5,100,1312.056159
-2029080.97,100,1313.389927
-2029108.03,100,1314.73809
-2029062.99,100,1316.072665
-2029084.52,100,1317.406807
-2029095.26,100,1318.738309
-2029087.41,100,1320.073634
-2029090.45,100,1321.405287
-2029093.28,100,1322.723999
-2029068.79,100,1324.038809
-2029079.1,100,1325.373315
-2029066.48,100,1326.710405
-2029069.94,100,1328.044282
-2029088.9,100,1329.376801
-2029082.48,100,1330.708125
-2029081.13,100,1332.038289
-2029084.05,100,1333.368921
-2029084.66,100,1334.698717
-2029073.19,100,1336.02899
-2029071.67,100,1337.356001
-2029066.76,100,1338.668818
-2029083.0,100,1340.001581
-2029072.45,100,1340.570385
-2029089.55,100,1341.136904
-2029082.76,100,1341.70372
-2029079.11,100,1342.26967
-2029083.03,100,1342.840225
-2029061.16,100,1344.184125
-2029074.86,100,1345.521949
-2029078.65,100,1346.854422
-2029070.29,100,1348.18509
-2029098.63,100,1349.521028
-2029084.38,100,1350.857397
-2029082.28,100,1352.188371
-2029075.6,100,1353.523026
-2029077.85,100,1354.854896
-2029094.21,100,1356.195553
-2029060.24,100,1357.516195
-2029071.29,100,1358.851769
-2029082.5,100,1360.184405
-2029074.56,100,1361.512301
-2029083.11,100,1362.844784
-2029060.99,100,1364.178431
-2029101.04,100,1365.518884
-2029067.38,100,1366.854904
-2029091.38,100,1368.191314
-2029062.63,100,1369.528058
-2029095.54,100,1370.84872
-2029083.74,100,1372.166962
-2029050.1,100,1373.498124
-2029074.65,100,1374.834045
-2029066.98,100,1376.170101
-2029068.91,100,1377.513149
-2029081.31,100,1378.853288
-2029091.3,100,1380.187524
-2029079.81,100,1381.520607
-2029089.01,100,1382.857679
-2029062.35,100,1384.189833
-2029084.49,100,1385.521605
-2029082.88,100,1386.86525
-2029066.63,100,1388.199711
-2029086.8,100,1389.533292
-2029078.36,100,1390.940677
-2029090.75,100,1392.259155
-2029061.19,100,1393.591155
-2029098.15,100,1394.921959
-2029084.82,100,1396.25403
-2029064.49,100,1397.589542
-2029080.13,100,1398.925277
-2029070.43,100,1400.267435
-2029090.67,100,1401.599466
-2029059.91,100,1402.934806
-2029062.73,100,1404.266139
-2029089.68,100,1405.573956
-2029087.48,100,1406.907843
-2029063.53,100,1408.241879
-2029090.45,100,1409.578836
-2029092.4,100,1410.148639
-2029074.22,100,1410.717936
-2029092.53,100,1411.287363
-2029067.54,100,1411.855458
-2029069.97,100,1412.423085
-2029082.69,100,1413.765695
-2029069.57,100,1415.09874
-2029089.42,100,1416.434469
-2029068.87,100,1417.769444
-2029069.68,100,1419.087714
-2029060.76,100,1420.417099
-2029062.48,100,1421.750809
-2029078.46,100,1423.194928
-2029082.31,100,1424.528284
-2029073.32,100,1425.864235
-2029072.92,100,1427.199527
-2029061.27,100,1428.532167
-2029067.31,100,1429.871264
-2029094.51,100,1431.20713
-2029070.11,100,1432.538928
-2029059.38,100,1433.893086
-2029064.08,100,1435.227693
-2029071.21,100,1436.569541
-2029104.0,100,1437.890516
-2029084.02,100,1439.213402
-2029089.14,100,1440.547046
-2029105.87,100,1441.879805
-2029084.69,100,1443.21811
-2029066.43,100,1444.555636
-2029075.15,100,1445.893044
-2029064.12,100,1447.224742
-2029085.81,100,1448.559732
-2029070.47,100,1449.894101
-2029083.95,100,1451.223694
-2029082.13,100,1452.532483
-2029064.53,100,1453.86503
-2029075.28,100,1455.202867
-2029074.59,100,1456.532836
-2029063.6,100,1457.871098
-2029066.15,100,1459.205421
-2029069.99,100,1460.536401
-2029069.5,100,1461.866622
-2029062.43,100,1463.201291
-2029082.35,100,1464.534625
-2029104.76,100,1465.850821
-2029067.89,100,1467.180001
-2029096.98,100,1468.514049
-2029083.12,100,1469.851583
-2029069.06,100,1471.187534
-2029093.98,100,1472.520592
-2029078.58,100,1473.854687
-2029081.91,100,1475.188203
-2029070.51,100,1476.521095
-2029072.58,100,1477.860371
-2029074.46,100,1479.199802
-2029070.08,100,1479.7706
-2029062.17,100,1480.338163
-2029063.1,100,1480.907248
-2029063.01,100,1481.474676
-2029086.84,100,1482.042879
-2029071.37,100,1483.396255
-2029090.08,100,1484.712536
-2029088.18,100,1486.040302
-2029060.22,100,1487.373695
-2029072.37,100,1488.707397
-2029123.86,100,1490.04214
-2029099.62,100,1491.383342
-2029065.94,100,1492.716921
-2029092.71,100,1494.048949
-2029064.86,100,1495.378652
-2029075.96,100,1496.711144
-2029089.41,100,1498.04851
-2029073.65,100,1499.366331
-2029068.81,100,1500.694227
-2029089.03,100,1502.025732
-2029074.13,100,1503.340611
-2029071.8,100,1504.66402
-2029076.24,100,1505.99938
-2029072.79,100,1507.336618
-2029086.83,100,1508.670621
-2029075.93,100,1510.006563
-2029120.5,100,1511.338171
-2029092.56,100,1512.674714
-2029088.2,100,1514.006228
-2029078.85,100,1515.341517
-2029083.74,100,1516.673633
-2029106.37,100,1517.987456
-2029075.48,100,1519.313371
-2029081.63,100,1520.649585
-2029093.83,100,1521.981634
-2029086.68,100,1523.313099
-2029087.93,100,1524.647725
-2029090.93,100,1525.980476
-2029081.21,100,1527.316056
-2029070.31,100,1528.64968
-2029057.67,100,1529.985868
-2029074.19,100,1531.316669
-2029077.58,100,1532.631271
-2029084.77,100,1533.962715
-2029094.15,100,1535.303353
-2029075.44,100,1536.637284
-2029062.42,100,1537.973721
-2029077.46,100,1539.306283
-2029085.24,100,1540.638679
-2029085.77,100,1541.973422
-2029087.26,100,1543.310779
-2029078.51,100,1544.650213
-2029063.52,100,1545.964718
-2029072.27,100,1547.293424
-2029086.31,100,1548.626782
-2029067.7,100,1549.199845
-2029073.79,100,1549.773862
-2029070.21,100,1550.345638
-2029090.61,100,1550.916498
-2029078.17,100,1551.487663
-2029062.01,100,1552.821519
-2029062.35,100,1554.159069
-2029066.58,100,1555.492117
-2029063.33,100,1556.826538
-2029079.91,100,1558.162396
-2029075.14,100,1559.490764
-2029081.75,100,1560.81221
-2029085.48,100,1562.142522
-2029068.03,100,1563.477049
-2029080.39,100,1564.813042
-2029073.86,100,1566.153033
-2029080.53,100,1567.488277
-2029075.94,100,1568.830059
-2029069.13,100,1570.166117
-2029074.91,100,1571.591313
-2029087.24,100,1572.921377
-2029079.8,100,1574.232093
-2029069.1,100,1575.558144
-2029078.12,100,1576.893119
-2029073.38,100,1578.233657
-2029070.34,100,1579.571598
-2029092.03,100,1580.908057
-2029063.65,100,1582.260454
-2029079.92,100,1583.60945
-2029065.98,100,1584.972836
-2029067.87,100,1586.380102
-2029079.16,100,1587.735168
-2029078.45,100,1589.116449
-2029073.38,100,1590.493842
-2029093.92,100,1592.067339
-2029111.46,100,1593.580154
-2029069.15,100,1594.977341
-2029085.02,100,1596.396262
-2029070.45,100,1597.775253
-2029076.17,100,1599.133408
-2029074.67,100,1600.498543
-2029087.25,100,1601.882114
-2029076.7,100,1603.435719
-2029081.03,100,1605.038447
-2029085.43,100,1606.455535
-2029071.02,100,1607.813505
-2029076.67,100,1609.19371
-2029077.4,100,1610.56581
-2029064.83,100,1611.938398
-2029069.12,100,1613.31821
-2029099.7,100,1614.69686
-2029106.31,100,1616.188595
-2029081.43,100,1617.548033
-2029060.58,100,1618.902532
-2029076.91,100,1620.280198
-2029085.8,100,1620.885122
-2029074.9,100,1621.468854
-2029072.61,100,1622.074234
-2029068.61,100,1622.660007
-2029069.62,100,1623.234798
-2029092.11,100,1624.790291
-2029066.99,100,1626.192361
-2029088.85,100,1627.688048
-2029090.72,100,1629.047599
-2029065.24,100,1630.442306
-2029074.43,100,1631.831869
-2029065.97,100,1633.208016
-2029083.5,100,1634.614104
-2029085.32,100,1635.993106
-2029063.83,100,1637.363768
-2029087.06,100,1638.701555
-2029084.5,100,1640.023884
-2029071.7,100,1641.355019
-2029098.16,100,1642.686339
-2029051.18,100,1644.014477
-2029077.23,100,1645.358387
-2029067.56,100,1646.692379
-2029078.76,100,1648.021432
-2029089.47,100,1649.350339
-2029078.03,100,1650.677672
-2029085.39,100,1652.006989
-2029070.38,100,1653.334846
-2029081.52,100,1654.669886
-2029071.26,100,1656.000705
-2029066.52,100,1657.391455
-2029075.09,100,1658.750948
-2029072.03,100,1660.083267
-2029077.53,100,1661.430185
-2029070.48,100,1662.759677
-2029072.7,100,1664.200638
-2029078.22,100,1665.634551
-2029088.43,100,1666.955831
-2029070.16,100,1668.290223
-2029073.71,100,1669.628742
-2029083.45,100,1670.964476
-2029067.47,100,1672.34198
-2029087.21,100,1673.716371
-2029080.09,100,1675.077298
-2029081.86,100,1676.421755
-2029073.07,100,1677.755196
-2029066.06,100,1679.093237
-2029064.91,100,1680.423131
-2029097.1,100,1681.731799
-2029067.4,100,1683.126659
-2029071.6,100,1684.463511
-2029070.78,100,1685.819125
-2029072.76,100,1687.168359
-2029085.7,100,1688.525262
-2029072.02,100,1689.85408
-2029068.12,100,1691.182321
-2029069.56,100,1691.758413
-2029062.71,100,1692.331194
-2029074.64,100,1692.902921
-2029060.62,100,1693.483095
-2029087.96,100,1694.058203
-2029085.77,100,1695.395649
-2029062.69,100,1696.745691
-2029089.54,100,1698.193281
-2029063.29,100,1699.632637
-2029075.33,100,1701.160023
-2029080.26,100,1702.61931
-2029070.83,100,1704.051704
-2029078.97,100,1705.497402
-2029077.57,100,1706.84054
-2029112.8,100,1708.177353
-2029061.85,100,1709.510496
-2029082.9,100,1710.866552
-2029081.13,100,1712.22589
-2029076.85,100,1713.58701
-2029063.02,100,1715.021369
-2029065.84,100,1716.352723
-2029080.61,100,1717.68778
-2029062.07,100,1719.032507
-2029073.29,100,1720.37631
-2029106.57,100,1721.707957
-2029077.49,100,1723.051554
-2029073.46,100,1724.392038
-2029081.82,100,1725.731344
-2029075.52,100,1727.073287
-2029070.64,100,1728.4305
-2029069.4,100,1729.760663
-2029094.59,100,1731.116446
-2029109.02,100,1732.486861
-2029076.51,100,1733.819645
-2029085.49,100,1735.158243
-2029066.95,100,1736.496805
-2029065.07,100,1737.824901
-2029077.65,100,1739.155302
-2029102.66,100,1740.481257
-2029071.25,100,1741.801747
-2029083.3,100,1743.123441
-2029076.16,100,1744.482392
-2029076.52,100,1745.819768
-2029070.97,100,1747.158036
-2029087.1,100,1748.490897
-2029073.91,100,1749.824283
-2029092.89,100,1751.153905
-2029064.68,100,1752.5826
-2029076.5,100,1753.932817
-2029076.87,100,1755.267619
-2029080.75,100,1756.595027
-2029080.91,100,1757.908899
-2029069.09,100,1759.231104
-2029078.24,100,1760.956195
-2029057.02,100,1762.388563
-2029086.79,100,1762.977302
-2029074.47,100,1763.561241
-2029073.36,100,1764.146415
-2029082.74,100,1764.726678
-2029073.23,100,1765.307811
-2029074.56,100,1766.686411
-2029070.71,100,1768.062673
-2029085.74,100,1769.431536
-2029075.56,100,1770.789427
-2029075.32,100,1772.131194
-2029085.88,100,1773.468288
-2029067.35,100,1774.863898
-2029085.05,100,1776.274012
-2029070.39,100,1777.629356
-2029067.63,100,1779.005125
-2029077.27,100,1780.409602
-2029069.97,100,1781.833917
-2029072.18,100,1783.237257
-2029096.04,100,1784.611528
-2029085.93,100,1786.044065
-2029073.61,100,1787.451226
-2029088.66,100,1788.829822
-2029066.87,100,1790.190822
-2029075.02,100,1791.562119
-2029070.4,100,1792.930594
-2029070.15,100,1794.287775
-2029069.82,100,1795.656975
-2029085.41,100,1797.03636
-2029093.95,100,1798.401703
-2029071.17,100,1799.828597
-2029100.7,100,1801.277268
-2029067.16,100,1802.741471
-2029090.19,100,1804.174748
-2029075.17,100,1805.531818
-2029086.17,100,1806.878036
-2029096.67,100,1808.243098
-2029073.62,100,1809.627724
-2029069.27,100,1811.0117
-2029088.55,100,1812.381124
-2029092.41,100,1813.740169
-2029084.05,100,1815.126224
-2029088.32,100,1816.553595
-2029070.08,100,1818.000725
-2029061.24,100,1819.434536
-2029079.72,100,1820.830251
-2029068.78,100,1822.230665
-2029083.2,100,1823.635672
-2029087.98,100,1825.181228
-2029079.0,100,1826.638187
-2029078.1,100,1828.019336
-2029081.73,100,1829.433166
-2029080.68,100,1830.846419
-2029067.7,100,1832.215682
-2029071.53,100,1833.618702
-2029090.69,100,1835.019344
-2029094.92,100,1835.607836
-2029078.94,100,1836.182264
-2029059.7,100,1836.763605
-2029086.14,100,1837.341223
-2029096.65,100,1837.920622
-2029080.56,100,1839.26913
-2029065.87,100,1840.603437
-2029087.21,100,1841.953796
-2029086.97,100,1843.319536
-2029080.8,100,1844.660351
-2029077.04,100,1846.00549
-2029060.66,100,1847.341685
-2029080.25,100,1848.690148
-2029080.8,100,1850.052305
-2029071.96,100,1851.42103
-2029085.38,100,1852.852236
-2029062.85,100,1854.20758
-2029096.46,100,1855.549176
-2029064.8,100,1856.889843
-2029103.16,100,1858.228853
-2029082.64,100,1859.569127
-2029086.16,100,1860.907186
-2029078.66,100,1862.248775
-2029096.73,100,1863.588853
-2029079.3,100,1864.959116
-2029077.39,100,1866.305453
-2029066.15,100,1867.638377
-2029080.29,100,1868.977064
-2029064.94,100,1870.314868
-2029076.74,100,1871.650178
-2029071.35,100,1872.988024
-2029065.69,100,1874.331656
-2029064.87,100,1875.690721
-2029073.33,100,1877.033323
-2029071.02,100,1878.409018
-2029072.91,100,1879.744916
-2029076.79,100,1881.091517
-2029073.9,100,1882.437883
-2029071.92,100,1883.768842
-2029075.66,100,1885.108954
-2029080.36,100,1886.462083
-2029086.33,100,1887.795964
-2029111.05,100,1889.138653
-2029088.85,100,1890.552822
-2029071.35,100,1891.88169
-2029079.03,100,1893.191646
-2029069.51,100,1894.518027
-2029066.7,100,1895.856211
-2029094.35,100,1897.194403
-2029067.95,100,1898.524552
-2029064.88,100,1899.899311
-2029077.17,100,1901.2375
-2029091.67,100,1902.566196
-2029080.66,100,1903.900262
-2029082.09,100,1905.232243
-2029083.84,100,1905.810681
-2029095.64,100,1906.385954
-2029081.43,100,1906.960807
-2029086.97,100,1907.5362
-2029075.69,100,1908.112099
-2029075.69,100,1909.455269
-2029080.19,100,1910.786886
-2029077.35,100,1912.125089
-2029085.65,100,1913.458307
-2029088.36,100,1914.847109
-2029062.42,100,1916.191604
-2029089.88,100,1917.520053
-2029087.68,100,1918.850525
-2029068.28,100,1920.168828
-2029088.21,100,1921.492578
-2029075.02,100,1922.834665
-2029084.15,100,1924.194442
-2029089.19,100,1925.637175
-2029082.25,100,1927.079074
-2029077.54,100,1928.463903
-2029079.96,100,1929.888438
-2029074.76,100,1931.331639
-2029082.99,100,1932.696553
-2029067.82,100,1934.022415
-2029058.6,100,1935.364212
-2029097.16,100,1936.701122
-2029076.68,100,1938.050723
-2029079.17,100,1939.402471
-2029106.68,100,1940.730297
-2029087.63,100,1942.061816
-2029081.35,100,1943.398056
-2029091.41,100,1944.758648
-2029070.56,100,1946.108312
-2029069.63,100,1947.467684
-2029071.95,100,1948.799496
-2029093.08,100,1950.138628
-2029081.75,100,1951.501635
-2029072.56,100,1952.89149
-2029075.88,100,1954.237658
-2029089.94,100,1955.579812
-2029063.26,100,1956.92427
-2029075.77,100,1958.265128
-2029077.46,100,1959.59578
-2029070.4,100,1960.930615
-2029100.29,100,1962.256468
-2029079.54,100,1963.591671
-2029079.25,100,1964.947826
-2029069.32,100,1966.285098
-2029077.09,100,1967.622365
-2029090.31,100,1969.035454
-2029088.21,100,1970.410267
-2029068.6,100,1971.751734
-2029076.57,100,1973.083925
-2029104.82,100,1974.421576
-2029091.53,100,1975.746072
-2029089.78,100,1976.323245
-2029067.53,100,1976.899168
-2029080.41,100,1977.47458
-2029065.92,100,1978.049872
-2029071.53,100,1978.622978
-2029068.07,100,1979.965693
-2029077.51,100,1981.300207
-2029070.56,100,1982.632044
-2029067.63,100,1983.967518
-2029099.3,100,1985.316865
-2029078.22,100,1986.658158
-2029066.75,100,1987.989221
-2029089.57,100,1989.32451
-2029059.19,100,1990.657551
-2029091.03,100,1991.977339
-2029071.03,100,1993.300219
-2029068.24,100,1994.631738
-2029072.29,100,1995.961869
-2029113.24,100,1997.300117
-2029068.99,100,1998.632071
-2029081.66,100,1999.964286
-2029070.46,100,2001.299119
-2029065.95,100,2002.62232
-2029075.56,100,2003.953042
-2029068.57,100,2005.265993
-2029091.36,100,2006.589688
-2029085.64,100,2007.925126
-2029065.73,100,2009.256754
-2029073.54,100,2010.610249
-2029071.12,100,2011.944826
-2029084.99,100,2013.293616
-2029072.33,100,2014.628166
-2029090.7,100,2015.96023
-2029066.13,100,2017.304664
-2029068.53,100,2018.641415
-2029081.23,100,2019.960078
-2029060.58,100,2021.289299
-2029058.51,100,2022.633422
-2029059.49,100,2023.982863
-2029086.16,100,2025.327595
-2029074.85,100,2026.672443
-2029083.12,100,2028.041736
-2029061.71,100,2029.380772
-2029077.43,100,2030.720784
-2029084.39,100,2032.050405
-2029063.89,100,2033.381022
-2029072.08,100,2034.711755
-2029072.38,100,2036.043835
-2029073.43,100,2037.375241
-2029086.23,100,2038.690466
-2029091.51,100,2040.036224
-2029072.48,100,2041.37483
-2029073.13,100,2042.714423
-2029081.15,100,2044.048565
-2029074.35,100,2045.379586
-2029078.23,100,2045.947013
-2029066.37,100,2046.516741
-2029085.37,100,2047.088832
-2029064.56,100,2047.659941
-2029068.56,100,2048.229607
-2029094.63,100,2049.575176
-2029067.42,100,2050.90934
-2029088.42,100,2052.25777
-2029082.83,100,2053.606345
-2029088.17,100,2054.945786
-2029066.2,100,2056.284938
-2029083.72,100,2057.624465
-2029066.56,100,2058.980159
-2029063.92,100,2060.310671
-2029078.02,100,2061.645637
-2029075.97,100,2062.97861
-2029088.12,100,2064.310723
-2029071.16,100,2065.620811
-2029067.16,100,2066.956175
-2029077.59,100,2068.291886
-2029065.35,100,2069.620449
-2029077.83,100,2070.962842
-2029083.63,100,2072.308792
-2029067.22,100,2073.640219
-2029069.27,100,2074.974346
-2029089.9,100,2076.310586
-2029064.39,100,2077.644282
-2029089.94,100,2078.983021
-2029072.87,100,2080.319537
-2029086.99,100,2081.658166
-2029071.21,100,2083.010317
-2029068.87,100,2084.347519
-2029087.81,100,2085.69204
-2029069.66,100,2087.041731
-2029073.79,100,2088.37379
-2029068.55,100,2089.708788
-2029078.55,100,2091.047925
-2029098.74,100,2092.377771
-2029076.61,100,2093.705379
-2029076.06,100,2095.033436
-2029077.89,100,2096.361158
-2029081.57,100,2097.681377
-2029079.48,100,2098.990972
-2029098.64,100,2100.308209
-2029075.25,100,2101.638875
-2029075.5,100,2102.972847
-2029070.68,100,2104.306703
-2029067.03,100,2105.640228
-2029060.62,100,2106.993492
-2029077.45,100,2108.330994
-2029060.5,100,2109.729214
-2029070.32,100,2111.071739
-2029085.23,100,2112.386155
-2029069.01,100,2113.719184
-2029070.58,100,2115.049714
-2029086.42,100,2115.62392
-2029080.12,100,2116.201462
-2029081.49,100,2116.771127
-2029073.5,100,2117.338566
-2029087.25,100,2117.905675
-2029088.29,100,2119.252653
-2029084.06,100,2120.667538
-2029066.93,100,2122.012407
-2029068.69,100,2123.347198
-2029068.87,100,2124.676068
-2029063.23,100,2125.999401
-2029064.11,100,2127.37172
-2029058.88,100,2128.705913
-2029070.46,100,2130.040749
-2029070.92,100,2131.3739
-2029083.31,100,2132.713598
-2029069.04,100,2134.046851
-2029076.16,100,2135.376662
-2029079.88,100,2136.716329
-2029068.43,100,2138.063964
-2029088.7,100,2139.395362
-2029091.94,100,2140.735216
-2029061.2,100,2142.062964
-2029066.33,100,2143.394846
-2029062.1,100,2144.722175
-2029076.21,100,2146.029724
-2029095.08,100,2147.362774
-2029072.5,100,2148.693281
-2029075.04,100,2150.02533
-2029088.75,100,2151.360685
-2029065.97,100,2152.692754
-2029063.61,100,2154.027864
-2029091.94,100,2155.356799
-2029084.68,100,2156.687193
-2029089.76,100,2158.01814
-2029071.36,100,2159.348339
-2029075.15,100,2160.681517
-2029073.17,100,2162.017179
-2029077.46,100,2163.353501
-2029072.45,100,2164.666556
-2029074.83,100,2166.002217
-2029086.5,100,2167.351555
-2029078.87,100,2168.699325
-2029081.11,100,2170.040608
-2029068.18,100,2171.393066
-2029076.18,100,2172.741407
-2029077.38,100,2174.095884
-2029086.97,100,2175.429283
-2029078.19,100,2176.770343
-2029074.86,100,2178.112634
-2029069.17,100,2179.428336
-2029080.33,100,2180.761254
-2029067.94,100,2182.095921
-2029080.03,100,2183.43016
-2029076.73,100,2184.764483
-2029077.39,100,2185.335966
-2029082.79,100,2185.905862
-2029062.13,100,2186.476246
-2029067.3,100,2187.03707
-2029064.09,100,2187.608226
-2029113.07,100,2188.9524
-2029071.02,100,2190.288883
-2029058.24,100,2191.622006
-2029091.74,100,2192.996308
-2029084.5,100,2194.32133
-2029068.87,100,2195.652984
-2029073.79,100,2196.985189
-2029071.2,100,2198.31784
-2029082.92,100,2199.650053
-2029076.04,100,2200.995362
-2029088.45,100,2202.334171
-2029085.9,100,2203.666778
-2029069.52,100,2205.000683
-2029084.43,100,2206.331281
-2029091.61,100,2207.64128
-2029083.86,100,2208.974218
-2029067.66,100,2210.322987
-2029065.67,100,2211.656343
-2029069.81,100,2212.986617
-2029069.27,100,2214.321219
-2029060.98,100,2215.655065
-2029076.98,100,2216.98178
-2029080.62,100,2218.311087
-2029061.86,100,2219.643323
-2029076.46,100,2220.970407
-2029077.54,100,2222.278833
-2029074.01,100,2223.605657
-2029094.56,100,2224.941895
-2029101.94,100,2226.276311
-2029059.3,100,2227.61302
-2029084.09,100,2228.962548
-2029073.4,100,2230.299048
-2029094.68,100,2231.636078
-2029086.33,100,2232.96893
-2029076.63,100,2234.304554
-2029101.97,100,2235.639894
-2029067.36,100,2236.956464
-2029083.79,100,2238.285762
-2029064.75,100,2239.623042
-2029069.87,100,2240.956364
-2029095.27,100,2242.294404
-2029078.13,100,2243.628172
-2029078.1,100,2244.963017
-2029074.71,100,2246.297307
-2029077.32,100,2247.630734
-2029057.69,100,2248.966461
-2029085.88,100,2250.298606
-2029068.08,100,2251.635943
-2029085.04,100,2252.968278
-2029075.37,100,2254.301068
-2029072.67,100,2254.871299
-2029075.65,100,2255.438008
-2029076.42,100,2256.005271
-2029068.59,100,2256.571963
-2029078.07,100,2257.138704
-2029071.5,100,2258.477082
-2029090.91,100,2259.811804
-2029069.25,100,2261.141704
-2029096.01,100,2262.47354
-2029072.49,100,2263.811448
-2029098.86,100,2265.146072
-2029069.53,100,2266.47887
-2029107.36,100,2267.81461
-2029064.95,100,2269.147597
-2029076.39,100,2270.478953
-2029083.38,100,2271.810723
-2029080.89,100,2273.1256
-2029082.27,100,2274.454657
-2029094.05,100,2275.796236
-2029081.6,100,2277.129463
-2029085.93,100,2278.459434
-2029058.65,100,2279.793828
-2029065.78,100,2281.12638
-2029062.93,100,2282.460599
-2029068.21,100,2283.791337
-2029077.65,100,2285.12431
-2029077.99,100,2286.458568
-2029083.37,100,2287.778012
-2029079.06,100,2289.100085
-2029061.54,100,2290.433339
-2029079.02,100,2291.767693
-2029102.37,100,2293.100356
-2029089.73,100,2294.431443
-2029080.73,100,2295.762499
-2029065.99,100,2297.100666
-2029077.3,100,2298.432709
-2029092.95,100,2299.76977
-2029074.16,100,2301.104913
-2029093.86,100,2302.43933
-2029084.42,100,2303.77232
-2029076.97,100,2305.107722
-2029071.2,100,2306.441703
-2029063.76,100,2307.774368
-2029089.5,100,2309.107494
-2029060.94,100,2310.44103
-2029073.49,100,2311.774469
-2029063.95,100,2313.104269
-2029066.44,100,2314.42854
-2029082.74,100,2315.758716
-2029094.89,100,2317.089905
-2029075.9,100,2318.440545
-2029076.93,100,2319.78018
-2029093.04,100,2321.116266
-2029087.11,100,2322.451294
-2029078.12,100,2323.786646
-2029067.4,100,2324.359707
-2029097.28,100,2324.927781
-2029064.29,100,2325.494376
-2029083.02,100,2326.060895
-2029075.53,100,2326.627614
-2029079.34,100,2327.971467
-2029072.87,100,2329.304992
-2029073.46,100,2330.631582
-2029077.94,100,2331.962247
-2029079.87,100,2333.293036
-2029072.97,100,2334.622671
-2029081.2,100,2335.958242
-2029087.47,100,2337.291182
-2029066.94,100,2338.62573
-2029088.34,100,2339.960668
-2029064.78,100,2341.295207
-2029071.94,100,2342.624035
-2029071.66,100,2343.949359
-2029099.99,100,2345.279999
-2029080.09,100,2346.595247
-2029058.12,100,2347.927545
-2029076.06,100,2349.260719
-2029063.38,100,2350.592132
-2029073.41,100,2351.925394
-2029095.49,100,2353.258818
-2029079.29,100,2354.588521
-2029065.01,100,2355.907119
-2029066.95,100,2357.236074
-2029070.49,100,2358.552871
-2029074.99,100,2359.88897
-2029103.87,100,2361.220818
-2029085.11,100,2362.555529
-2029068.4,100,2363.885164
-2029089.31,100,2365.219299
-2029091.26,100,2366.553709
-2029072.2,100,2367.877217
-2029075.46,100,2369.207116
-2029068.68,100,2370.527419
-2029065.44,100,2371.862098
-2029070.67,100,2373.19101
-2029091.0,100,2374.523442
-2029100.24,100,2375.856346
-2029111.37,100,2377.188931
-2029075.1,100,2378.523919
-2029067.97,100,2379.839162
-2029083.48,100,2381.165509
-2029074.54,100,2382.490274
-2029076.29,100,2383.825266
-2029076.33,100,2385.158776
-2029083.73,100,2386.494712
-2029089.33,100,2387.827711
-2029079.39,100,2389.16096
-2029082.21,100,2390.492743
-2029073.01,100,2391.811018
-2029095.2,100,2393.144648
-2029081.8,100,2393.715136
-2029077.99,100,2394.281446
-2029075.71,100,2394.849007
-2029092.24,100,2395.414657
-2029079.09,100,2395.972336
-2029087.39,100,2397.308596
-2029089.69,100,2398.644643
-2029077.7,100,2400.121629
-2029082.37,100,2401.488338
-2029085.1,100,2402.839611
-2029073.23,100,2404.16773
-2029067.95,100,2405.539389
-2029082.93,100,2406.9576
-2029075.22,100,2408.292396
-2029077.49,100,2409.661154
-2029091.94,100,2411.045276
-2029079.57,100,2412.695075
-2029074.96,100,2414.054756
-2029093.63,100,2415.392467
-2029092.57,100,2416.742724
-2029066.07,100,2418.082824
-2029070.35,100,2419.416296
-2029076.58,100,2420.94686
-2029069.65,100,2422.376971
-2029081.8,100,2423.699489
-2029078.77,100,2425.032548
-2029067.62,100,2426.356056
-2029060.65,100,2427.693318
-2029069.81,100,2429.030647
-2029079.74,100,2430.364989
-2029076.45,100,2431.700062
-2029073.37,100,2433.032153
-2029061.23,100,2434.369648
-2029092.96,100,2435.702599
-2029073.04,100,2437.031361
-2029075.27,100,2438.356436
-2029084.48,100,2439.692237
-2029082.85,100,2441.025802
-2029076.22,100,2442.376652
-2029064.66,100,2443.716029
-2029082.19,100,2445.050383
-2029075.89,100,2446.377258
-2029079.56,100,2447.713457
-2029062.54,100,2449.052058
-2029074.52,100,2450.383851
-2029065.17,100,2451.716806
-2029075.75,100,2453.052988
-2029083.71,100,2454.366165
-2029065.34,100,2455.692945
-2029072.15,100,2457.027483
-2029081.71,100,2458.365247
-2029068.1,100,2459.699325
-2029086.1,100,2461.033671
-2029073.29,100,2462.37174
-2029105.87,100,2463.708038
-2029073.54,100,2464.279894
-2029071.59,100,2464.849742
-2029082.16,100,2465.419143
-2029108.55,100,2465.987906
-2029084.25,100,2466.558446
-2029067.59,100,2467.905699
-2029098.69,100,2469.243447
-2029053.38,100,2470.575334
-2029067.97,100,2471.904572
-2029085.01,100,2473.236345
-2029075.02,100,2474.549258
-2029075.99,100,2475.886384
-2029074.67,100,2477.219417
-2029084.32,100,2478.55693
-2029072.85,100,2479.890836
-2029060.13,100,2481.224326
-2029084.4,100,2482.563735
-2029060.52,100,2483.904251
-2029067.29,100,2485.246548
-2029075.77,100,2486.579265
-2029061.64,100,2487.909109
-2029069.02,100,2489.359315
-2029087.87,100,2490.727297
-2029067.96,100,2492.063731
-2029109.65,100,2493.408353
-2029069.71,100,2494.857368
-2029087.65,100,2496.351516
-2029084.29,100,2497.801382
-2029090.23,100,2499.256634
-2029068.33,100,2500.651768
-2029079.18,100,2501.999859
-2029059.94,100,2503.377098
